# Blender 3.6.2
# www.blender.org
mtllib hospital_bed.mtl
o Cube
v -0.709479 1.456232 0.079590
v -0.709479 1.456232 0.079590
v -0.709479 1.456232 0.079590
v -0.709479 1.456232 0.079590
v -0.672581 1.456232 0.116488
v -0.672581 1.456232 0.116488
v -0.672581 1.456232 0.116488
v -0.672581 1.456232 0.116488
v -0.672581 1.493130 0.079590
v -0.672581 1.493130 0.079590
v -0.672581 1.493130 0.079590
v -0.672581 1.493130 0.079590
v -0.698672 1.456232 0.105680
v -0.698672 1.456232 0.105680
v -0.698672 1.456232 0.105680
v -0.698672 1.456232 0.105680
v -0.693884 1.477535 0.100893
v -0.693884 1.477535 0.100893
v -0.693884 1.477535 0.100893
v -0.672581 1.482323 0.105680
v -0.672581 1.482323 0.105680
v -0.672581 1.482323 0.105680
v -0.672581 1.482323 0.105680
v -0.698672 1.482323 0.079590
v -0.698672 1.482323 0.079590
v -0.698672 1.482323 0.079590
v -0.698672 1.482323 0.079590
v -0.672581 1.456232 -0.116488
v -0.672581 1.456232 -0.116488
v -0.672581 1.456232 -0.116488
v -0.672581 1.456232 -0.116488
v -0.709479 1.456232 -0.079590
v -0.709479 1.456232 -0.079590
v -0.709479 1.456232 -0.079590
v -0.709479 1.456232 -0.079590
v -0.672581 1.493130 -0.079590
v -0.672581 1.493130 -0.079590
v -0.672581 1.493130 -0.079590
v -0.672581 1.493130 -0.079590
v -0.698672 1.456232 -0.105680
v -0.698672 1.456232 -0.105680
v -0.698672 1.456232 -0.105680
v -0.698672 1.456232 -0.105680
v -0.693884 1.477535 -0.100893
v -0.693884 1.477535 -0.100893
v -0.693884 1.477535 -0.100893
v -0.698672 1.482323 -0.079590
v -0.698672 1.482323 -0.079590
v -0.698672 1.482323 -0.079590
v -0.698672 1.482323 -0.079590
v -0.672581 1.482323 -0.105680
v -0.672581 1.482323 -0.105680
v -0.672581 1.482323 -0.105680
v -0.672581 1.482323 -0.105680
v 0.672581 1.493130 0.079590
v 0.672581 1.493130 0.079590
v 0.672581 1.493130 0.079590
v 0.672581 1.493130 0.079590
v 0.672581 1.456233 0.116488
v 0.672581 1.456233 0.116488
v 0.672581 1.456233 0.116488
v 0.672581 1.456233 0.116488
v 0.709479 1.456233 0.079590
v 0.709479 1.456233 0.079590
v 0.709479 1.456233 0.079590
v 0.709479 1.456233 0.079590
v 0.672581 1.482323 0.105680
v 0.672581 1.482323 0.105680
v 0.672581 1.482323 0.105680
v 0.672581 1.482323 0.105680
v 0.693884 1.477536 0.100893
v 0.693884 1.477536 0.100893
v 0.693884 1.477536 0.100893
v 0.698672 1.456233 0.105680
v 0.698672 1.456233 0.105680
v 0.698672 1.456233 0.105680
v 0.698672 1.456233 0.105680
v 0.698672 1.482323 0.079590
v 0.698672 1.482323 0.079590
v 0.698672 1.482323 0.079590
v 0.698672 1.482323 0.079590
v 0.672581 1.493130 -0.079590
v 0.672581 1.493130 -0.079590
v 0.672581 1.493130 -0.079590
v 0.672581 1.493130 -0.079590
v 0.709479 1.456233 -0.079590
v 0.709479 1.456233 -0.079590
v 0.709479 1.456233 -0.079590
v 0.709479 1.456233 -0.079590
v 0.672581 1.456233 -0.116488
v 0.672581 1.456233 -0.116488
v 0.672581 1.456233 -0.116488
v 0.672581 1.456233 -0.116488
v 0.698672 1.482323 -0.079590
v 0.698672 1.482323 -0.079590
v 0.698672 1.482323 -0.079590
v 0.698672 1.482323 -0.079590
v 0.693884 1.477536 -0.100893
v 0.693884 1.477536 -0.100893
v 0.693884 1.477536 -0.100893
v 0.698672 1.456233 -0.105680
v 0.698672 1.456233 -0.105680
v 0.698672 1.456233 -0.105680
v 0.698672 1.456233 -0.105680
v 0.672581 1.482323 -0.105680
v 0.672581 1.482323 -0.105680
v 0.672581 1.482323 -0.105680
v 0.672581 1.482323 -0.105680
v -0.709479 -1.456233 0.079590
v -0.709479 -1.456233 0.079590
v -0.709479 -1.456233 0.079590
v -0.709479 -1.456233 0.079590
v -0.672581 -1.493130 0.079590
v -0.672581 -1.493130 0.079590
v -0.672581 -1.493130 0.079590
v -0.672581 -1.493130 0.079590
v -0.672581 -1.456233 0.116488
v -0.672581 -1.456233 0.116488
v -0.672581 -1.456233 0.116488
v -0.672581 -1.456233 0.116488
v -0.698672 -1.482323 0.079590
v -0.698672 -1.482323 0.079590
v -0.698672 -1.482323 0.079590
v -0.698672 -1.482323 0.079590
v -0.693884 -1.477536 0.100893
v -0.693884 -1.477536 0.100893
v -0.693884 -1.477536 0.100893
v -0.672581 -1.482323 0.105680
v -0.672581 -1.482323 0.105680
v -0.672581 -1.482323 0.105680
v -0.672581 -1.482323 0.105680
v -0.698672 -1.456233 0.105680
v -0.698672 -1.456233 0.105680
v -0.698672 -1.456233 0.105680
v -0.698672 -1.456233 0.105680
v -0.672581 -1.493130 -0.079590
v -0.672581 -1.493130 -0.079590
v -0.672581 -1.493130 -0.079590
v -0.672581 -1.493130 -0.079590
v -0.709479 -1.456233 -0.079590
v -0.709479 -1.456233 -0.079590
v -0.709479 -1.456233 -0.079590
v -0.709479 -1.456233 -0.079590
v -0.672581 -1.456233 -0.116488
v -0.672581 -1.456233 -0.116488
v -0.672581 -1.456233 -0.116488
v -0.672581 -1.456233 -0.116488
v -0.698672 -1.482323 -0.079590
v -0.698672 -1.482323 -0.079590
v -0.698672 -1.482323 -0.079590
v -0.698672 -1.482323 -0.079590
v -0.693884 -1.477536 -0.100893
v -0.693884 -1.477536 -0.100893
v -0.693884 -1.477536 -0.100893
v -0.698672 -1.456233 -0.105680
v -0.698672 -1.456233 -0.105680
v -0.698672 -1.456233 -0.105680
v -0.698672 -1.456233 -0.105680
v -0.672581 -1.482323 -0.105680
v -0.672581 -1.482323 -0.105680
v -0.672581 -1.482323 -0.105680
v -0.672581 -1.482323 -0.105680
v 0.672581 -1.493130 0.079590
v 0.672581 -1.493130 0.079590
v 0.672581 -1.493130 0.079590
v 0.672581 -1.493130 0.079590
v 0.709479 -1.456232 0.079590
v 0.709479 -1.456232 0.079590
v 0.709479 -1.456232 0.079590
v 0.709479 -1.456232 0.079590
v 0.672581 -1.456232 0.116488
v 0.672581 -1.456232 0.116488
v 0.672581 -1.456232 0.116488
v 0.672581 -1.456232 0.116488
v 0.698672 -1.482323 0.079590
v 0.698672 -1.482323 0.079590
v 0.698672 -1.482323 0.079590
v 0.698672 -1.482323 0.079590
v 0.693884 -1.477535 0.100893
v 0.693884 -1.477535 0.100893
v 0.693884 -1.477535 0.100893
v 0.698672 -1.456233 0.105680
v 0.698672 -1.456233 0.105680
v 0.698672 -1.456233 0.105680
v 0.698672 -1.456233 0.105680
v 0.672581 -1.482323 0.105680
v 0.672581 -1.482323 0.105680
v 0.672581 -1.482323 0.105680
v 0.672581 -1.482323 0.105680
v 0.672581 -1.456232 -0.116488
v 0.672581 -1.456232 -0.116488
v 0.672581 -1.456232 -0.116488
v 0.672581 -1.456232 -0.116488
v 0.709479 -1.456232 -0.079590
v 0.709479 -1.456232 -0.079590
v 0.709479 -1.456232 -0.079590
v 0.709479 -1.456232 -0.079590
v 0.672581 -1.493130 -0.079590
v 0.672581 -1.493130 -0.079590
v 0.672581 -1.493130 -0.079590
v 0.672581 -1.493130 -0.079590
v 0.698672 -1.456232 -0.105680
v 0.698672 -1.456232 -0.105680
v 0.698672 -1.456232 -0.105680
v 0.698672 -1.456232 -0.105680
v 0.693884 -1.477535 -0.100893
v 0.693884 -1.477535 -0.100893
v 0.693884 -1.477535 -0.100893
v 0.698672 -1.482323 -0.079590
v 0.698672 -1.482323 -0.079590
v 0.698672 -1.482323 -0.079590
v 0.698672 -1.482323 -0.079590
v 0.672581 -1.482323 -0.105680
v 0.672581 -1.482323 -0.105680
v 0.672581 -1.482323 -0.105680
v 0.672581 -1.482323 -0.105680
v 0.312614 1.469544 -0.057418
v -0.312614 1.469544 -0.057418
v 0.312614 1.552251 0.266888
v -0.312614 1.552251 0.266888
v -0.312614 1.493148 0.277740
v 0.312614 1.493148 0.277740
v -0.611158 1.552251 0.294528
v -0.612455 1.575855 0.498100
v 0.353322 1.516752 0.537488
v 0.604023 1.516752 0.500902
v -0.344920 1.575855 0.537337
v -0.612061 1.516752 0.506665
v -0.345284 1.516752 0.545694
v 0.604416 1.575855 0.492865
v 0.352958 1.575855 0.529658
v -0.611545 1.493148 0.302980
v 0.603507 1.493148 0.309436
v 0.603120 1.552251 0.301513
v 0.352463 1.552251 0.301513
v -0.344425 1.552251 0.294528
v -0.344038 1.493148 0.302980
v 0.352076 1.493148 0.309436
v -0.612497 1.575855 0.498127
v -0.612102 1.516752 0.506694
v 0.610644 1.575855 0.496920
v 0.611618 1.516752 0.506347
v -0.631825 1.529429 -0.057154
v -0.642969 1.517660 -0.066253
v -0.639705 1.525658 -0.064423
v -0.642969 1.480542 -0.059437
v -0.631825 1.469544 -0.057418
v -0.639705 1.472765 -0.058009
v 0.631825 1.529430 -0.057154
v 0.642969 1.517660 -0.066253
v 0.639705 1.525658 -0.064423
v 0.631825 1.469544 -0.057418
v 0.642969 1.480542 -0.059437
v 0.639705 1.472765 -0.058009
v -0.308904 1.515884 0.567973
v -0.312614 1.527737 0.577031
v -0.311527 1.519715 0.575214
v 0.312614 1.527737 0.577031
v 0.309132 1.515884 0.567973
v 0.311594 1.519715 0.575214
v -0.312614 1.517662 -0.066253
v -0.312614 1.529430 -0.057154
v -0.312614 1.525659 -0.064423
v 0.312614 1.529429 -0.057154
v 0.312614 1.517662 -0.066253
v 0.312614 1.525658 -0.064423
v 0.321588 1.574734 0.555698
v 0.312614 1.564873 0.570213
v 0.315243 1.572310 0.565126
v -0.312614 1.564874 0.570213
v -0.325860 1.575855 0.555543
v -0.316494 1.572638 0.565081
v -0.629839 1.552178 0.266894
v -0.642969 1.541263 0.268905
v -0.639123 1.549011 0.267480
v -0.642969 1.504145 0.275721
v -0.629848 1.493106 0.277743
v -0.639126 1.496356 0.277150
v 0.629883 1.493108 0.277743
v 0.642969 1.504145 0.275721
v 0.639136 1.496357 0.277150
v 0.642969 1.541263 0.268905
v 0.629540 1.552177 0.266894
v 0.639036 1.549011 0.267481
v -0.608198 1.575855 0.512497
v -0.604827 1.564872 0.525785
v -0.605814 1.572638 0.521058
v -0.642969 1.561276 0.481783
v -0.629785 1.573817 0.487710
v -0.639107 1.569500 0.482683
v -0.631797 1.563818 0.510495
v -0.623307 1.575265 0.503924
v -0.629310 1.571721 0.507735
v -0.629799 1.514693 0.497477
v -0.642969 1.524154 0.488599
v -0.639112 1.516829 0.492035
v -0.604827 1.527739 0.532603
v -0.607998 1.516752 0.522449
v -0.605756 1.519970 0.530464
v -0.631797 1.526691 0.517312
v -0.623254 1.516156 0.513849
v -0.629295 1.519053 0.517134
v 0.629474 1.573762 0.486927
v 0.642969 1.561276 0.481783
v 0.639016 1.569484 0.482454
v 0.604827 1.564872 0.525785
v 0.607334 1.575855 0.512197
v 0.605561 1.572638 0.520970
v 0.631797 1.563818 0.510495
v 0.622784 1.575251 0.503554
v 0.629158 1.571717 0.507627
v 0.607732 1.516752 0.522525
v 0.604827 1.527739 0.532603
v 0.605678 1.519970 0.530487
v 0.642969 1.524155 0.488599
v 0.629836 1.514665 0.497207
v 0.639122 1.516821 0.491956
v 0.631797 1.526691 0.517312
v 0.623207 1.516148 0.513803
v 0.629281 1.519050 0.517120
v -0.602682 1.552251 0.297696
v -0.583795 1.539904 0.306425
v -0.589327 1.548634 0.303177
v -0.599388 1.541870 0.321815
v -0.607540 1.552855 0.302403
v -0.601776 1.550201 0.315439
v -0.594821 1.540480 0.310932
v -0.606069 1.552430 0.299119
v -0.598115 1.549094 0.306781
v -0.607677 1.575136 0.489361
v -0.599388 1.561543 0.475869
v -0.601816 1.570638 0.479129
v -0.583970 1.563508 0.493604
v -0.602080 1.575855 0.495854
v -0.589275 1.572238 0.493572
v -0.594872 1.562932 0.487438
v -0.606026 1.575644 0.493591
v -0.598139 1.571770 0.488549
v 0.360417 1.516752 0.533854
v 0.379651 1.529112 0.522444
v 0.374017 1.520372 0.526432
v 0.364234 1.527354 0.509361
v 0.356301 1.516272 0.530235
v 0.361910 1.518988 0.516121
v 0.368749 1.528597 0.519583
v 0.357575 1.516610 0.532982
v 0.365476 1.519966 0.524153
v 0.599589 1.516016 0.492342
v 0.591349 1.527008 0.474874
v 0.593763 1.518669 0.480637
v 0.575932 1.529112 0.492601
v 0.594118 1.516752 0.498525
v 0.581259 1.520372 0.494982
v 0.586834 1.528496 0.486438
v 0.597965 1.516535 0.496355
v 0.590094 1.519873 0.489989
v -0.352516 1.575855 0.533604
v -0.371613 1.563508 0.525891
v -0.366019 1.572238 0.527459
v -0.356195 1.561865 0.512800
v -0.348202 1.575377 0.529708
v -0.353854 1.570937 0.517061
v -0.360711 1.563027 0.523027
v -0.349527 1.575714 0.532675
v -0.357435 1.571857 0.525162
v -0.602157 1.516752 0.504288
v -0.583970 1.529098 0.498255
v -0.589297 1.520368 0.500713
v -0.599388 1.527133 0.480520
v -0.607628 1.516064 0.498102
v -0.601801 1.518777 0.486361
v -0.594872 1.528523 0.492089
v -0.606004 1.516549 0.502116
v -0.598132 1.519901 0.495717
v -0.348262 1.516304 0.538442
v -0.356195 1.527456 0.517451
v -0.353872 1.519075 0.524291
v -0.371613 1.529099 0.530542
v -0.352377 1.516752 0.542062
v -0.365979 1.520368 0.534607
v -0.360711 1.528618 0.527678
v -0.349536 1.516619 0.541189
v -0.357438 1.519989 0.532327
v 0.594043 1.575855 0.490620
v 0.575932 1.563495 0.488261
v 0.581237 1.572235 0.488305
v 0.591349 1.561391 0.470534
v 0.599640 1.575086 0.484131
v 0.593778 1.570522 0.473870
v 0.586834 1.562879 0.482098
v 0.597988 1.575629 0.488358
v 0.590101 1.571733 0.483285
v 0.356241 1.575343 0.522030
v 0.364234 1.561737 0.505021
v 0.361893 1.570842 0.509356
v 0.379651 1.563495 0.518103
v 0.360555 1.575855 0.525925
v 0.374058 1.572234 0.519748
v 0.368749 1.562980 0.515242
v 0.357566 1.575704 0.524996
v 0.365474 1.571826 0.517453
v -0.607604 1.493785 0.311135
v -0.599388 1.507460 0.326467
v -0.601794 1.498340 0.322667
v -0.583795 1.505494 0.311076
v -0.602579 1.493148 0.306135
v -0.589297 1.496764 0.310320
v -0.594821 1.506070 0.315584
v -0.606092 1.493335 0.307634
v -0.598122 1.497226 0.313946
v 0.594540 1.493148 0.312591
v 0.575756 1.505507 0.317641
v 0.581258 1.496768 0.316808
v 0.591349 1.507611 0.333024
v 0.599565 1.493830 0.317591
v 0.593756 1.498455 0.329150
v 0.586782 1.506124 0.322146
v 0.598053 1.493349 0.314090
v 0.590083 1.497262 0.320433
v 0.599500 1.552897 0.309388
v 0.591349 1.541994 0.328683
v 0.593737 1.550307 0.322386
v 0.575756 1.539891 0.313301
v 0.594642 1.552251 0.304682
v 0.581288 1.548631 0.310130
v 0.586782 1.540507 0.317806
v 0.598029 1.552443 0.306104
v 0.590076 1.549122 0.313732
v 0.361075 1.552251 0.304732
v 0.379827 1.539891 0.313301
v 0.374335 1.548630 0.310145
v 0.364234 1.541649 0.328727
v 0.356211 1.552810 0.309682
v 0.361884 1.550037 0.322503
v 0.368801 1.540406 0.317819
v 0.357681 1.552415 0.306222
v 0.365544 1.549043 0.313776
v -0.348173 1.552774 0.302700
v -0.356195 1.541546 0.321859
v -0.353845 1.549949 0.315556
v -0.371788 1.539904 0.306425
v -0.353037 1.552251 0.297747
v -0.366296 1.548634 0.303192
v -0.360762 1.540385 0.310945
v -0.349642 1.552404 0.299238
v -0.357505 1.549020 0.306825
v -0.353156 1.493148 0.306188
v -0.371788 1.505494 0.311076
v -0.366331 1.496764 0.310335
v -0.356195 1.507137 0.326510
v -0.348121 1.493699 0.311444
v -0.353830 1.498087 0.322789
v -0.360762 1.505976 0.315596
v -0.349633 1.493309 0.307759
v -0.357503 1.497151 0.313992
v 0.356159 1.493738 0.317896
v 0.364234 1.507265 0.333067
v 0.361869 1.498183 0.329270
v 0.379827 1.505507 0.317641
v 0.361193 1.493148 0.312644
v 0.374369 1.496768 0.316824
v 0.368801 1.506022 0.322159
v 0.357670 1.493320 0.314214
v 0.365541 1.497182 0.320478
v 0.688639 -1.449016 -0.147339
v 0.723517 -1.463463 -0.147339
v 0.737964 -1.498341 -0.147339
v 0.723517 -1.533219 -0.147339
v 0.688639 -1.547666 -0.147339
v 0.653761 -1.533219 -0.147339
v 0.639314 -1.498341 -0.147339
v 0.653761 -1.463463 -0.147339
v 0.688639 -1.439222 -0.147339
v 0.730443 -1.456538 -0.147339
v 0.747758 -1.498341 -0.147339
v 0.730443 -1.540145 -0.147339
v 0.688639 -1.557460 -0.147339
v 0.646836 -1.540145 -0.147339
v 0.629520 -1.498341 -0.147339
v 0.646836 -1.456538 -0.147339
v 0.688639 -1.460521 -0.014238
v 0.688639 -1.449016 -0.024867
v 0.688639 -1.452386 -0.017351
v 0.715382 -1.471599 -0.014238
v 0.723517 -1.463463 -0.024867
v 0.721134 -1.465846 -0.017351
v 0.726459 -1.498341 -0.014238
v 0.737964 -1.498341 -0.024867
v 0.734594 -1.498341 -0.017351
v 0.715382 -1.525084 -0.014238
v 0.723517 -1.533219 -0.024867
v 0.721134 -1.530837 -0.017351
v 0.688639 -1.536161 -0.014238
v 0.688639 -1.547666 -0.024867
v 0.688639 -1.544297 -0.017351
v 0.661896 -1.525084 -0.014238
v 0.653761 -1.533219 -0.024867
v 0.656144 -1.530837 -0.017351
v 0.650819 -1.498341 -0.014238
v 0.639314 -1.498341 -0.024867
v 0.642684 -1.498341 -0.017351
v 0.661896 -1.471599 -0.014238
v 0.653761 -1.463463 -0.024867
v 0.656144 -1.465846 -0.017351
v 0.688639 -1.465708 -0.223944
v 0.688639 -1.458007 -0.220864
v 0.688639 -1.461020 -0.223042
v 0.717160 -1.469821 -0.220864
v 0.711715 -1.475266 -0.223944
v 0.715030 -1.471951 -0.223042
v 0.728974 -1.498341 -0.220864
v 0.721273 -1.498341 -0.223944
v 0.725961 -1.498341 -0.223042
v 0.717160 -1.526862 -0.220864
v 0.711715 -1.521417 -0.223944
v 0.715030 -1.524732 -0.223042
v 0.688639 -1.538676 -0.220864
v 0.688639 -1.530975 -0.223944
v 0.688639 -1.535663 -0.223042
v 0.660119 -1.526862 -0.220864
v 0.665564 -1.521417 -0.223944
v 0.662249 -1.524732 -0.223042
v 0.648305 -1.498341 -0.220864
v 0.656005 -1.498341 -0.223944
v 0.651317 -1.498341 -0.223042
v 0.660119 -1.469821 -0.220864
v 0.665564 -1.475266 -0.223944
v 0.662249 -1.471951 -0.223042
v 0.688639 -1.447910 -0.203841
v 0.688639 -1.445726 -0.196286
v 0.688639 -1.446365 -0.200103
v 0.725844 -1.461137 -0.196286
v 0.724300 -1.462681 -0.203841
v 0.725392 -1.461589 -0.200103
v 0.741254 -1.498341 -0.196286
v 0.739071 -1.498341 -0.203841
v 0.740615 -1.498341 -0.200103
v 0.725844 -1.535546 -0.196286
v 0.724300 -1.534002 -0.203841
v 0.725391 -1.535094 -0.200103
v 0.688639 -1.550957 -0.196286
v 0.688639 -1.548773 -0.203841
v 0.688639 -1.550317 -0.200103
v 0.651435 -1.535546 -0.196286
v 0.652979 -1.534002 -0.203841
v 0.651887 -1.535094 -0.200103
v 0.636024 -1.498341 -0.196286
v 0.638208 -1.498341 -0.203841
v 0.636663 -1.498341 -0.200103
v 0.651435 -1.461137 -0.196286
v 0.652979 -1.462681 -0.203841
v 0.651887 -1.461589 -0.200103
v -0.688639 -1.449016 -0.147339
v -0.723517 -1.463463 -0.147339
v -0.737964 -1.498341 -0.147339
v -0.723517 -1.533219 -0.147339
v -0.688639 -1.547666 -0.147339
v -0.653761 -1.533219 -0.147339
v -0.639314 -1.498341 -0.147339
v -0.653761 -1.463463 -0.147339
v -0.688639 -1.439222 -0.147339
v -0.730443 -1.456538 -0.147339
v -0.747758 -1.498341 -0.147339
v -0.730443 -1.540145 -0.147339
v -0.688639 -1.557460 -0.147339
v -0.646836 -1.540145 -0.147339
v -0.629520 -1.498341 -0.147339
v -0.646836 -1.456538 -0.147339
v -0.688639 -1.460521 -0.014238
v -0.688639 -1.449016 -0.024867
v -0.688639 -1.452386 -0.017351
v -0.715382 -1.471599 -0.014238
v -0.723517 -1.463463 -0.024867
v -0.721134 -1.465846 -0.017351
v -0.726459 -1.498341 -0.014238
v -0.737964 -1.498341 -0.024867
v -0.734594 -1.498341 -0.017351
v -0.715382 -1.525084 -0.014238
v -0.723517 -1.533219 -0.024867
v -0.721134 -1.530837 -0.017351
v -0.688639 -1.536161 -0.014238
v -0.688639 -1.547666 -0.024867
v -0.688639 -1.544297 -0.017351
v -0.661896 -1.525084 -0.014238
v -0.653761 -1.533219 -0.024867
v -0.656144 -1.530837 -0.017351
v -0.650819 -1.498341 -0.014238
v -0.639314 -1.498341 -0.024867
v -0.642684 -1.498341 -0.017351
v -0.661896 -1.471599 -0.014238
v -0.653761 -1.463463 -0.024867
v -0.656144 -1.465846 -0.017351
v -0.688639 -1.465708 -0.223944
v -0.688639 -1.458007 -0.220864
v -0.688639 -1.461020 -0.223042
v -0.717160 -1.469821 -0.220864
v -0.711715 -1.475266 -0.223944
v -0.715030 -1.471951 -0.223042
v -0.728974 -1.498341 -0.220864
v -0.721273 -1.498341 -0.223944
v -0.725961 -1.498341 -0.223042
v -0.717160 -1.526862 -0.220864
v -0.711715 -1.521417 -0.223944
v -0.715030 -1.524732 -0.223042
v -0.688639 -1.538676 -0.220864
v -0.688639 -1.530975 -0.223944
v -0.688639 -1.535663 -0.223042
v -0.660119 -1.526862 -0.220864
v -0.665564 -1.521417 -0.223944
v -0.662249 -1.524732 -0.223042
v -0.648305 -1.498341 -0.220864
v -0.656005 -1.498341 -0.223944
v -0.651317 -1.498341 -0.223042
v -0.660119 -1.469821 -0.220864
v -0.665564 -1.475266 -0.223944
v -0.662249 -1.471951 -0.223042
v -0.688639 -1.447910 -0.203841
v -0.688639 -1.445726 -0.196286
v -0.688639 -1.446365 -0.200103
v -0.725844 -1.461137 -0.196286
v -0.724300 -1.462681 -0.203841
v -0.725392 -1.461589 -0.200103
v -0.741254 -1.498341 -0.196286
v -0.739071 -1.498341 -0.203841
v -0.740615 -1.498341 -0.200103
v -0.725844 -1.535546 -0.196286
v -0.724300 -1.534002 -0.203841
v -0.725391 -1.535094 -0.200103
v -0.688639 -1.550957 -0.196286
v -0.688639 -1.548773 -0.203841
v -0.688639 -1.550317 -0.200103
v -0.651435 -1.535546 -0.196286
v -0.652979 -1.534002 -0.203841
v -0.651887 -1.535094 -0.200103
v -0.636024 -1.498341 -0.196286
v -0.638208 -1.498341 -0.203841
v -0.636663 -1.498341 -0.200103
v -0.651435 -1.461137 -0.196286
v -0.652979 -1.462681 -0.203841
v -0.651887 -1.461589 -0.200103
v 0.688639 1.449016 -0.147339
v 0.723517 1.463463 -0.147339
v 0.737964 1.498341 -0.147339
v 0.723517 1.533219 -0.147339
v 0.688639 1.547666 -0.147339
v 0.653761 1.533219 -0.147339
v 0.639314 1.498341 -0.147339
v 0.653761 1.463463 -0.147339
v 0.688639 1.439222 -0.147339
v 0.730443 1.456538 -0.147339
v 0.747758 1.498341 -0.147339
v 0.730443 1.540145 -0.147339
v 0.688639 1.557460 -0.147339
v 0.646836 1.540145 -0.147339
v 0.629520 1.498341 -0.147339
v 0.646836 1.456538 -0.147339
v 0.688639 1.460521 -0.014238
v 0.688639 1.449016 -0.024867
v 0.688639 1.452386 -0.017351
v 0.715382 1.471599 -0.014238
v 0.723517 1.463463 -0.024867
v 0.721134 1.465846 -0.017351
v 0.726459 1.498341 -0.014238
v 0.737964 1.498341 -0.024867
v 0.734594 1.498341 -0.017351
v 0.715382 1.525084 -0.014238
v 0.723517 1.533219 -0.024867
v 0.721134 1.530837 -0.017351
v 0.688639 1.536161 -0.014238
v 0.688639 1.547666 -0.024867
v 0.688639 1.544297 -0.017351
v 0.661896 1.525084 -0.014238
v 0.653761 1.533219 -0.024867
v 0.656144 1.530837 -0.017351
v 0.650819 1.498341 -0.014238
v 0.639314 1.498341 -0.024867
v 0.642684 1.498341 -0.017351
v 0.661896 1.471599 -0.014238
v 0.653761 1.463463 -0.024867
v 0.656144 1.465846 -0.017351
v 0.688639 1.465708 -0.223944
v 0.688639 1.458007 -0.220864
v 0.688639 1.461020 -0.223042
v 0.717160 1.469821 -0.220864
v 0.711715 1.475266 -0.223944
v 0.715030 1.471951 -0.223042
v 0.728974 1.498341 -0.220864
v 0.721273 1.498341 -0.223944
v 0.725961 1.498341 -0.223042
v 0.717160 1.526862 -0.220864
v 0.711715 1.521417 -0.223944
v 0.715030 1.524732 -0.223042
v 0.688639 1.538676 -0.220864
v 0.688639 1.530975 -0.223944
v 0.688639 1.535663 -0.223042
v 0.660119 1.526862 -0.220864
v 0.665564 1.521417 -0.223944
v 0.662249 1.524732 -0.223042
v 0.648305 1.498341 -0.220864
v 0.656005 1.498341 -0.223944
v 0.651317 1.498341 -0.223042
v 0.660119 1.469821 -0.220864
v 0.665564 1.475266 -0.223944
v 0.662249 1.471951 -0.223042
v 0.688639 1.447910 -0.203841
v 0.688639 1.445726 -0.196286
v 0.688639 1.446365 -0.200103
v 0.725844 1.461137 -0.196286
v 0.724300 1.462681 -0.203841
v 0.725392 1.461589 -0.200103
v 0.741254 1.498341 -0.196286
v 0.739071 1.498341 -0.203841
v 0.740615 1.498341 -0.200103
v 0.725844 1.535546 -0.196286
v 0.724300 1.534002 -0.203841
v 0.725391 1.535094 -0.200103
v 0.688639 1.550957 -0.196286
v 0.688639 1.548773 -0.203841
v 0.688639 1.550317 -0.200103
v 0.651435 1.535546 -0.196286
v 0.652979 1.534002 -0.203841
v 0.651887 1.535094 -0.200103
v 0.636024 1.498341 -0.196286
v 0.638208 1.498341 -0.203841
v 0.636663 1.498341 -0.200103
v 0.651435 1.461137 -0.196286
v 0.652979 1.462681 -0.203841
v 0.651887 1.461589 -0.200103
v -0.688639 1.449016 -0.147339
v -0.723517 1.463463 -0.147339
v -0.737964 1.498341 -0.147339
v -0.723517 1.533219 -0.147339
v -0.688639 1.547666 -0.147339
v -0.653761 1.533219 -0.147339
v -0.639314 1.498341 -0.147339
v -0.653761 1.463463 -0.147339
v -0.688639 1.439222 -0.147339
v -0.730443 1.456538 -0.147339
v -0.747758 1.498341 -0.147339
v -0.730443 1.540145 -0.147339
v -0.688639 1.557460 -0.147339
v -0.646836 1.540145 -0.147339
v -0.629520 1.498341 -0.147339
v -0.646836 1.456538 -0.147339
v -0.688639 1.460521 -0.014238
v -0.688639 1.449016 -0.024867
v -0.688639 1.452386 -0.017351
v -0.715382 1.471599 -0.014238
v -0.723517 1.463463 -0.024867
v -0.721134 1.465846 -0.017351
v -0.726459 1.498341 -0.014238
v -0.737964 1.498341 -0.024867
v -0.734594 1.498341 -0.017351
v -0.715382 1.525084 -0.014238
v -0.723517 1.533219 -0.024867
v -0.721134 1.530837 -0.017351
v -0.688639 1.536161 -0.014238
v -0.688639 1.547666 -0.024867
v -0.688639 1.544297 -0.017351
v -0.661896 1.525084 -0.014238
v -0.653761 1.533219 -0.024867
v -0.656144 1.530837 -0.017351
v -0.650819 1.498341 -0.014238
v -0.639314 1.498341 -0.024867
v -0.642684 1.498341 -0.017351
v -0.661896 1.471599 -0.014238
v -0.653761 1.463463 -0.024867
v -0.656144 1.465846 -0.017351
v -0.688639 1.465708 -0.223944
v -0.688639 1.458007 -0.220864
v -0.688639 1.461020 -0.223042
v -0.717160 1.469821 -0.220864
v -0.711715 1.475266 -0.223944
v -0.715030 1.471951 -0.223042
v -0.728974 1.498341 -0.220864
v -0.721273 1.498341 -0.223944
v -0.725961 1.498341 -0.223042
v -0.717160 1.526862 -0.220864
v -0.711715 1.521417 -0.223944
v -0.715030 1.524732 -0.223042
v -0.688639 1.538676 -0.220864
v -0.688639 1.530975 -0.223944
v -0.688639 1.535663 -0.223042
v -0.660119 1.526862 -0.220864
v -0.665564 1.521417 -0.223944
v -0.662249 1.524732 -0.223042
v -0.648305 1.498341 -0.220864
v -0.656005 1.498341 -0.223944
v -0.651317 1.498341 -0.223042
v -0.660119 1.469821 -0.220864
v -0.665564 1.475266 -0.223944
v -0.662249 1.471951 -0.223042
v -0.688639 1.447910 -0.203841
v -0.688639 1.445726 -0.196286
v -0.688639 1.446365 -0.200103
v -0.725844 1.461137 -0.196286
v -0.724300 1.462681 -0.203841
v -0.725392 1.461589 -0.200103
v -0.741254 1.498341 -0.196286
v -0.739071 1.498341 -0.203841
v -0.740615 1.498341 -0.200103
v -0.725844 1.535546 -0.196286
v -0.724300 1.534002 -0.203841
v -0.725391 1.535094 -0.200103
v -0.688639 1.550957 -0.196286
v -0.688639 1.548773 -0.203841
v -0.688639 1.550317 -0.200103
v -0.651435 1.535546 -0.196286
v -0.652979 1.534002 -0.203841
v -0.651887 1.535094 -0.200103
v -0.636024 1.498341 -0.196286
v -0.638208 1.498341 -0.203841
v -0.636663 1.498341 -0.200103
v -0.651435 1.461137 -0.196286
v -0.652979 1.462681 -0.203841
v -0.651887 1.461589 -0.200103
v 0.398548 -1.185376 -0.188025
v 0.398548 -1.185376 -0.188025
v 0.398548 -1.185376 -0.188025
v 0.398548 -1.157405 -0.097868
v 0.398548 -1.157405 -0.097868
v 0.398548 -1.157405 -0.097868
v 0.398548 -0.002885 -0.475465
v 0.398548 -0.002885 -0.475465
v 0.398548 -0.002885 -0.475465
v 0.398548 0.004387 -0.381349
v 0.398548 0.004387 -0.381349
v 0.398548 0.004387 -0.381349
v 0.514540 -1.185376 -0.188025
v 0.514540 -1.185376 -0.188025
v 0.514540 -1.185376 -0.188025
v 0.514540 -1.157405 -0.097868
v 0.514540 -1.157405 -0.097868
v 0.514540 -1.157405 -0.097868
v 0.514540 -0.002885 -0.475465
v 0.514540 -0.002885 -0.475465
v 0.514540 -0.002885 -0.475465
v 0.514540 0.004387 -0.381349
v 0.514540 0.004387 -0.381349
v 0.514540 0.004387 -0.381349
v -0.398548 -1.185376 -0.188025
v -0.398548 -1.185376 -0.188025
v -0.398548 -1.185376 -0.188025
v -0.398548 -1.157405 -0.097868
v -0.398548 -1.157405 -0.097868
v -0.398548 -1.157405 -0.097868
v -0.398548 -0.002885 -0.475465
v -0.398548 -0.002885 -0.475465
v -0.398548 -0.002885 -0.475465
v -0.398548 0.004387 -0.381349
v -0.398548 0.004387 -0.381349
v -0.398548 0.004387 -0.381349
v -0.514540 -1.185376 -0.188025
v -0.514540 -1.185376 -0.188025
v -0.514540 -1.185376 -0.188025
v -0.514540 -1.157405 -0.097868
v -0.514540 -1.157405 -0.097868
v -0.514540 -1.157405 -0.097868
v -0.514540 -0.002885 -0.475465
v -0.514540 -0.002885 -0.475465
v -0.514540 -0.002885 -0.475465
v -0.514540 0.004387 -0.381349
v -0.514540 0.004387 -0.381349
v -0.514540 0.004387 -0.381349
v 0.398548 1.185376 -0.188025
v 0.398548 1.185376 -0.188025
v 0.398548 1.185376 -0.188025
v 0.398548 1.157405 -0.097868
v 0.398548 1.157405 -0.097868
v 0.398548 1.157405 -0.097868
v 0.398548 0.002885 -0.475465
v 0.398548 0.002885 -0.475465
v 0.398548 0.002885 -0.475465
v 0.398548 -0.004387 -0.381349
v 0.398548 -0.004387 -0.381349
v 0.398548 -0.004387 -0.381349
v 0.514540 1.185376 -0.188025
v 0.514540 1.185376 -0.188025
v 0.514540 1.185376 -0.188025
v 0.514540 1.157405 -0.097868
v 0.514540 1.157405 -0.097868
v 0.514540 1.157405 -0.097868
v 0.514540 0.002885 -0.475465
v 0.514540 0.002885 -0.475465
v 0.514540 0.002885 -0.475465
v 0.514540 -0.004387 -0.381349
v 0.514540 -0.004387 -0.381349
v 0.514540 -0.004387 -0.381349
v -0.398548 1.185376 -0.188025
v -0.398548 1.185376 -0.188025
v -0.398548 1.185376 -0.188025
v -0.398548 1.157405 -0.097868
v -0.398548 1.157405 -0.097868
v -0.398548 1.157405 -0.097868
v -0.398548 0.002885 -0.475465
v -0.398548 0.002885 -0.475465
v -0.398548 0.002885 -0.475465
v -0.398548 -0.004387 -0.381349
v -0.398548 -0.004387 -0.381349
v -0.398548 -0.004387 -0.381349
v -0.514540 1.185376 -0.188025
v -0.514540 1.185376 -0.188025
v -0.514540 1.185376 -0.188025
v -0.514540 1.157405 -0.097868
v -0.514540 1.157405 -0.097868
v -0.514540 1.157405 -0.097868
v -0.514540 0.002885 -0.475465
v -0.514540 0.002885 -0.475465
v -0.514540 0.002885 -0.475465
v -0.514540 -0.004387 -0.381349
v -0.514540 -0.004387 -0.381349
v -0.514540 -0.004387 -0.381349
v -0.647346 -1.487189 -0.475488
v -0.647346 -1.487189 -0.387498
v -0.647346 1.487189 -0.475488
v -0.647346 1.487189 -0.387498
v 0.647346 -1.487189 -0.475488
v 0.647346 -1.487189 -0.387498
v 0.647346 1.487189 -0.475488
v 0.647346 1.487189 -0.387498
v 0.478043 -1.373413 -0.628505
v 0.478043 -1.440078 -0.561840
v 0.478043 -1.420552 -0.608979
v 0.478043 -1.440078 -0.526151
v 0.478043 -1.373413 -0.459486
v 0.478043 -1.420552 -0.479012
v 0.478043 -1.271059 -0.561840
v 0.478043 -1.337724 -0.628505
v 0.478043 -1.290585 -0.608979
v 0.478043 -1.337724 -0.459486
v 0.478043 -1.271059 -0.526151
v 0.478043 -1.290585 -0.479012
v 0.591354 -1.440078 -0.561840
v 0.591354 -1.373413 -0.628505
v 0.591354 -1.420552 -0.608979
v 0.591354 -1.373413 -0.459486
v 0.591354 -1.440078 -0.526151
v 0.591354 -1.420552 -0.479012
v 0.591354 -1.337724 -0.628505
v 0.591354 -1.271059 -0.561840
v 0.591354 -1.290585 -0.608979
v 0.591354 -1.271059 -0.526151
v 0.591354 -1.337724 -0.459486
v 0.591354 -1.290585 -0.479012
v 0.591354 -1.315558 -0.584005
v 0.591354 -1.344582 -0.596027
v 0.478043 -1.344582 -0.596027
v 0.478043 -1.315558 -0.584005
v 0.591354 -1.303537 -0.554982
v 0.478043 -1.303537 -0.554982
v 0.478043 -1.315558 -0.503985
v 0.478043 -1.344582 -0.491964
v 0.591354 -1.344582 -0.491964
v 0.591354 -1.315558 -0.503985
v 0.478043 -1.303537 -0.533009
v 0.591354 -1.303537 -0.533009
v 0.478043 -1.395578 -0.584005
v 0.478043 -1.366555 -0.596027
v 0.591354 -1.366555 -0.596027
v 0.591354 -1.395578 -0.584005
v 0.478043 -1.407600 -0.554982
v 0.591354 -1.407600 -0.554982
v 0.591354 -1.395578 -0.503985
v 0.591354 -1.366555 -0.491964
v 0.478043 -1.366555 -0.491964
v 0.478043 -1.395578 -0.503985
v 0.591354 -1.407600 -0.533009
v 0.478043 -1.407600 -0.533009
v 0.579165 -1.324166 -0.575398
v 0.579165 -1.346945 -0.584833
v 0.490232 -1.346945 -0.584833
v 0.490232 -1.324166 -0.575398
v 0.579165 -1.314731 -0.552618
v 0.490232 -1.314731 -0.552618
v 0.490232 -1.324166 -0.512593
v 0.490232 -1.346945 -0.503158
v 0.579165 -1.346945 -0.503158
v 0.579165 -1.324166 -0.512593
v 0.490232 -1.314731 -0.535372
v 0.579165 -1.314731 -0.535372
v 0.490232 -1.386971 -0.575398
v 0.490232 -1.364191 -0.584833
v 0.579165 -1.364191 -0.584833
v 0.579165 -1.386971 -0.575398
v 0.490232 -1.396406 -0.552618
v 0.579165 -1.396406 -0.552618
v 0.579165 -1.386971 -0.512593
v 0.579165 -1.364191 -0.503158
v 0.490232 -1.364191 -0.503158
v 0.490232 -1.386971 -0.512593
v 0.579165 -1.396406 -0.535372
v 0.490232 -1.396406 -0.535372
v -0.478043 -1.373413 -0.628505
v -0.478043 -1.440078 -0.561840
v -0.478043 -1.420552 -0.608979
v -0.478043 -1.440078 -0.526151
v -0.478043 -1.373413 -0.459486
v -0.478043 -1.420552 -0.479012
v -0.478043 -1.271059 -0.561840
v -0.478043 -1.337724 -0.628505
v -0.478043 -1.290585 -0.608979
v -0.478043 -1.337724 -0.459486
v -0.478043 -1.271059 -0.526151
v -0.478043 -1.290585 -0.479012
v -0.591354 -1.440078 -0.561840
v -0.591354 -1.373413 -0.628505
v -0.591354 -1.420552 -0.608979
v -0.591354 -1.373413 -0.459486
v -0.591354 -1.440078 -0.526151
v -0.591354 -1.420552 -0.479012
v -0.591354 -1.337724 -0.628505
v -0.591354 -1.271059 -0.561840
v -0.591354 -1.290585 -0.608979
v -0.591354 -1.271059 -0.526151
v -0.591354 -1.337724 -0.459486
v -0.591354 -1.290585 -0.479012
v -0.591354 -1.315558 -0.584005
v -0.591354 -1.344582 -0.596027
v -0.478043 -1.344582 -0.596027
v -0.478043 -1.315558 -0.584005
v -0.591354 -1.303537 -0.554982
v -0.478043 -1.303537 -0.554982
v -0.478043 -1.315558 -0.503985
v -0.478043 -1.344582 -0.491964
v -0.591354 -1.344582 -0.491964
v -0.591354 -1.315558 -0.503985
v -0.478043 -1.303537 -0.533009
v -0.591354 -1.303537 -0.533009
v -0.478043 -1.395578 -0.584005
v -0.478043 -1.366555 -0.596027
v -0.591354 -1.366555 -0.596027
v -0.591354 -1.395578 -0.584005
v -0.478043 -1.407600 -0.554982
v -0.591354 -1.407600 -0.554982
v -0.591354 -1.395578 -0.503985
v -0.591354 -1.366555 -0.491964
v -0.478043 -1.366555 -0.491964
v -0.478043 -1.395578 -0.503985
v -0.591354 -1.407600 -0.533009
v -0.478043 -1.407600 -0.533009
v -0.579165 -1.324166 -0.575398
v -0.579165 -1.346945 -0.584833
v -0.490232 -1.346945 -0.584833
v -0.490232 -1.324166 -0.575398
v -0.579165 -1.314731 -0.552618
v -0.490232 -1.314731 -0.552618
v -0.490232 -1.324166 -0.512593
v -0.490232 -1.346945 -0.503158
v -0.579165 -1.346945 -0.503158
v -0.579165 -1.324166 -0.512593
v -0.490232 -1.314731 -0.535372
v -0.579165 -1.314731 -0.535372
v -0.490232 -1.386971 -0.575398
v -0.490232 -1.364191 -0.584833
v -0.579165 -1.364191 -0.584833
v -0.579165 -1.386971 -0.575398
v -0.490232 -1.396406 -0.552618
v -0.579165 -1.396406 -0.552618
v -0.579165 -1.386971 -0.512593
v -0.579165 -1.364191 -0.503158
v -0.490232 -1.364191 -0.503158
v -0.490232 -1.386971 -0.512593
v -0.579165 -1.396406 -0.535372
v -0.490232 -1.396406 -0.535372
v 0.478043 1.373413 -0.628505
v 0.478043 1.440078 -0.561840
v 0.478043 1.420552 -0.608979
v 0.478043 1.440078 -0.526151
v 0.478043 1.373413 -0.459486
v 0.478043 1.420552 -0.479012
v 0.478043 1.271059 -0.561840
v 0.478043 1.337724 -0.628505
v 0.478043 1.290585 -0.608979
v 0.478043 1.337724 -0.459486
v 0.478043 1.271059 -0.526151
v 0.478043 1.290585 -0.479012
v 0.591354 1.440078 -0.561840
v 0.591354 1.373413 -0.628505
v 0.591354 1.420552 -0.608979
v 0.591354 1.373413 -0.459486
v 0.591354 1.440078 -0.526151
v 0.591354 1.420552 -0.479012
v 0.591354 1.337724 -0.628505
v 0.591354 1.271059 -0.561840
v 0.591354 1.290585 -0.608979
v 0.591354 1.271059 -0.526151
v 0.591354 1.337724 -0.459486
v 0.591354 1.290585 -0.479012
v 0.591354 1.315558 -0.584005
v 0.591354 1.344582 -0.596027
v 0.478043 1.344582 -0.596027
v 0.478043 1.315558 -0.584005
v 0.591354 1.303537 -0.554982
v 0.478043 1.303537 -0.554982
v 0.478043 1.315558 -0.503985
v 0.478043 1.344582 -0.491964
v 0.591354 1.344582 -0.491964
v 0.591354 1.315558 -0.503985
v 0.478043 1.303537 -0.533009
v 0.591354 1.303537 -0.533009
v 0.478043 1.395578 -0.584005
v 0.478043 1.366555 -0.596027
v 0.591354 1.366555 -0.596027
v 0.591354 1.395578 -0.584005
v 0.478043 1.407600 -0.554982
v 0.591354 1.407600 -0.554982
v 0.591354 1.395578 -0.503985
v 0.591354 1.366555 -0.491964
v 0.478043 1.366555 -0.491964
v 0.478043 1.395578 -0.503985
v 0.591354 1.407600 -0.533009
v 0.478043 1.407600 -0.533009
v 0.579165 1.324166 -0.575398
v 0.579165 1.346945 -0.584833
v 0.490232 1.346945 -0.584833
v 0.490232 1.324166 -0.575398
v 0.579165 1.314731 -0.552618
v 0.490232 1.314731 -0.552618
v 0.490232 1.324166 -0.512593
v 0.490232 1.346945 -0.503158
v 0.579165 1.346945 -0.503158
v 0.579165 1.324166 -0.512593
v 0.490232 1.314731 -0.535372
v 0.579165 1.314731 -0.535372
v 0.490232 1.386971 -0.575398
v 0.490232 1.364191 -0.584833
v 0.579165 1.364191 -0.584833
v 0.579165 1.386971 -0.575398
v 0.490232 1.396406 -0.552618
v 0.579165 1.396406 -0.552618
v 0.579165 1.386971 -0.512593
v 0.579165 1.364191 -0.503158
v 0.490232 1.364191 -0.503158
v 0.490232 1.386971 -0.512593
v 0.579165 1.396406 -0.535372
v 0.490232 1.396406 -0.535372
v -0.478043 1.373413 -0.628505
v -0.478043 1.440078 -0.561840
v -0.478043 1.420552 -0.608979
v -0.478043 1.440078 -0.526151
v -0.478043 1.373413 -0.459486
v -0.478043 1.420552 -0.479012
v -0.478043 1.271059 -0.561840
v -0.478043 1.337724 -0.628505
v -0.478043 1.290585 -0.608979
v -0.478043 1.337724 -0.459486
v -0.478043 1.271059 -0.526151
v -0.478043 1.290585 -0.479012
v -0.591354 1.440078 -0.561840
v -0.591354 1.373413 -0.628505
v -0.591354 1.420552 -0.608979
v -0.591354 1.373413 -0.459486
v -0.591354 1.440078 -0.526151
v -0.591354 1.420552 -0.479012
v -0.591354 1.337724 -0.628505
v -0.591354 1.271059 -0.561840
v -0.591354 1.290585 -0.608979
v -0.591354 1.271059 -0.526151
v -0.591354 1.337724 -0.459486
v -0.591354 1.290585 -0.479012
v -0.591354 1.315558 -0.584005
v -0.591354 1.344582 -0.596027
v -0.478043 1.344582 -0.596027
v -0.478043 1.315558 -0.584005
v -0.591354 1.303537 -0.554982
v -0.478043 1.303537 -0.554982
v -0.478043 1.315558 -0.503985
v -0.478043 1.344582 -0.491964
v -0.591354 1.344582 -0.491964
v -0.591354 1.315558 -0.503985
v -0.478043 1.303537 -0.533009
v -0.591354 1.303537 -0.533009
v -0.478043 1.395578 -0.584005
v -0.478043 1.366555 -0.596027
v -0.591354 1.366555 -0.596027
v -0.591354 1.395578 -0.584005
v -0.478043 1.407600 -0.554982
v -0.591354 1.407600 -0.554982
v -0.591354 1.395578 -0.503985
v -0.591354 1.366555 -0.491964
v -0.478043 1.366555 -0.491964
v -0.478043 1.395578 -0.503985
v -0.591354 1.407600 -0.533009
v -0.478043 1.407600 -0.533009
v -0.579165 1.324166 -0.575398
v -0.579165 1.346945 -0.584833
v -0.490232 1.346945 -0.584833
v -0.490232 1.324166 -0.575398
v -0.579165 1.314731 -0.552618
v -0.490232 1.314731 -0.552618
v -0.490232 1.324166 -0.512593
v -0.490232 1.346945 -0.503158
v -0.579165 1.346945 -0.503158
v -0.579165 1.324166 -0.512593
v -0.490232 1.314731 -0.535372
v -0.579165 1.314731 -0.535372
v -0.490232 1.386971 -0.575398
v -0.490232 1.364191 -0.584833
v -0.579165 1.364191 -0.584833
v -0.579165 1.386971 -0.575398
v -0.490232 1.396406 -0.552618
v -0.579165 1.396406 -0.552618
v -0.579165 1.386971 -0.512593
v -0.579165 1.364191 -0.503158
v -0.490232 1.364191 -0.503158
v -0.490232 1.386971 -0.512593
v -0.579165 1.396406 -0.535372
v -0.490232 1.396406 -0.535372
v -0.708865 0.942554 -0.198365
v -0.710258 0.979235 -0.196758
v -0.704958 1.065233 -0.263269
v -0.710021 0.962777 -0.194965
v -0.786540 0.979250 -0.201351
v -0.785146 0.942569 -0.202958
v -0.781240 1.065244 -0.267862
v -0.786302 0.962792 -0.199558
v -0.770680 0.366820 -0.443274
v -0.758721 0.362043 -0.444912
v -0.767119 0.363442 -0.444727
v -0.769472 0.374943 -0.463356
v -0.756945 0.373993 -0.474456
v -0.765508 0.374271 -0.471499
v -0.769826 0.369199 -0.457474
v -0.757465 0.365543 -0.465803
v -0.765980 0.366614 -0.463658
v -0.693190 0.374943 -0.458764
v -0.704297 0.373993 -0.471287
v -0.696149 0.374271 -0.467324
v -0.694399 0.366820 -0.438682
v -0.706079 0.362043 -0.441744
v -0.697761 0.363442 -0.440552
v -0.693544 0.369199 -0.452882
v -0.704819 0.365543 -0.462634
v -0.696621 0.366614 -0.459483
v -0.769472 1.264656 -0.463356
v -0.756946 1.267009 -0.474456
v -0.765509 1.266320 -0.471499
v -0.770680 1.284773 -0.443274
v -0.758725 1.296606 -0.444913
v -0.767120 1.293140 -0.444727
v -0.769826 1.278881 -0.457474
v -0.757468 1.287938 -0.465803
v -0.765981 1.285285 -0.463658
v -0.796682 1.284991 -0.011324
v -0.785192 1.296606 -0.005231
v -0.793451 1.293204 -0.007310
v -0.786970 1.267009 0.024313
v -0.798185 1.258392 0.013637
v -0.795148 1.264486 0.020891
v -0.797704 1.277919 0.005658
v -0.786449 1.287938 0.015660
v -0.794639 1.285003 0.012436
v -0.694399 1.284773 -0.438682
v -0.706072 1.296606 -0.441743
v -0.697760 1.293140 -0.440552
v -0.693190 1.264656 -0.458764
v -0.704295 1.267009 -0.471287
v -0.696148 1.266320 -0.467324
v -0.693544 1.278881 -0.452882
v -0.704815 1.287938 -0.462634
v -0.696620 1.285285 -0.459483
v -0.721903 1.258392 0.018228
v -0.734319 1.267009 0.027482
v -0.725788 1.264486 0.025066
v -0.732539 1.296606 -0.002061
v -0.720401 1.284991 -0.006732
v -0.724090 1.293204 -0.003135
v -0.733797 1.287938 0.018829
v -0.721423 1.277919 0.010250
v -0.725279 1.285003 0.016611
v -0.798125 0.895826 0.012642
v -0.786966 0.893081 0.024313
v -0.795129 0.893885 0.020600
v -0.786069 0.837879 0.009496
v -0.797388 0.849397 0.000399
v -0.794282 0.841252 0.006536
v -0.786702 0.864653 0.019973
v -0.797909 0.871790 0.009062
v -0.794881 0.866743 0.016482
v -0.781061 0.374773 -0.347789
v -0.762561 0.372381 -0.339188
v -0.772878 0.373082 -0.342002
v -0.774120 0.366820 -0.386127
v -0.762403 0.362043 -0.383700
v -0.770731 0.363442 -0.384706
v -0.775377 0.369327 -0.365244
v -0.763919 0.365071 -0.358470
v -0.772173 0.366317 -0.360749
v -0.697839 0.366820 -0.381536
v -0.709767 0.362043 -0.380532
v -0.701375 0.363442 -0.380531
v -0.705650 0.374537 -0.342843
v -0.709940 0.372381 -0.336020
v -0.703782 0.373012 -0.337723
v -0.699096 0.369327 -0.360652
v -0.711289 0.365071 -0.355302
v -0.702819 0.366317 -0.356574
v -0.721106 0.849396 0.004991
v -0.733440 0.837879 0.012664
v -0.724928 0.841252 0.010711
v -0.734325 0.893081 0.027482
v -0.721843 0.895826 0.017234
v -0.725772 0.893885 0.024775
v -0.721628 0.871790 0.013654
v -0.734067 0.864653 0.023142
v -0.725525 0.866743 0.020657
v -0.783772 1.284773 -0.225783
v -0.771959 1.296606 -0.225072
v -0.780312 1.293140 -0.225575
v -0.707491 1.284773 -0.221191
v -0.719306 1.296606 -0.221902
v -0.710952 1.293140 -0.221399
v -0.704296 1.054711 -0.471287
v -0.693190 1.055310 -0.458764
v -0.696149 1.054886 -0.467324
v -0.756946 1.054711 -0.474456
v -0.769472 1.055311 -0.463356
v -0.765508 1.054887 -0.471499
v -0.786967 0.954073 0.024313
v -0.798073 0.954073 0.011790
v -0.795115 0.954073 0.020350
v -0.798204 0.985963 0.012531
v -0.787100 0.985963 0.025054
v -0.795247 0.985963 0.021092
v -0.798204 0.967159 0.012531
v -0.787099 0.967758 0.025055
v -0.795246 0.967583 0.021092
v -0.734451 0.985963 0.028224
v -0.721923 0.985963 0.017123
v -0.725887 0.985963 0.025267
v -0.721792 0.954073 0.016381
v -0.734322 0.954073 0.027482
v -0.725757 0.954073 0.024525
v -0.734452 0.967758 0.028224
v -0.721923 0.967158 0.017123
v -0.725887 0.967582 0.025267
v -0.773117 0.440853 -0.218470
v -0.784537 0.442072 -0.231390
v -0.781720 0.441210 -0.222571
v -0.707593 0.442202 -0.226356
v -0.721641 0.440853 -0.215372
v -0.712265 0.441248 -0.218272
v -0.712040 0.572613 -0.168487
v -0.788086 0.572589 -0.173073
v -0.796955 1.264504 -0.006780
v -0.784575 1.261216 -0.009095
v -0.793253 1.262179 -0.008721
v -0.797178 1.243928 -0.003091
v -0.784791 1.241206 -0.005504
v -0.793471 1.242003 -0.005102
v -0.732904 1.241206 -0.002381
v -0.720896 1.243927 0.001500
v -0.724335 1.242003 -0.000940
v -0.732688 1.261216 -0.005972
v -0.720674 1.264504 -0.002189
v -0.724117 1.262179 -0.004560
v -0.720073 1.273245 -0.012174
v -0.732166 1.269504 -0.014641
v -0.723572 1.270599 -0.013615
v -0.796354 1.273245 -0.016766
v -0.784053 1.269504 -0.017765
v -0.792708 1.270600 -0.017776
v -0.767425 1.269504 -0.172011
v -0.778503 1.271950 -0.191339
v -0.775722 1.270221 -0.177976
v -0.702222 1.271950 -0.186747
v -0.715538 1.269504 -0.168887
v -0.706586 1.270221 -0.173814
v -0.720851 1.067477 0.000742
v -0.732904 1.073485 -0.002381
v -0.724321 1.071725 -0.001162
v -0.715871 1.062013 -0.163365
v -0.702574 1.054269 -0.180904
v -0.706924 1.059744 -0.168198
v -0.778855 1.054283 -0.185497
v -0.767758 1.062023 -0.166488
v -0.776060 1.059757 -0.172360
v -0.784791 1.073485 -0.005504
v -0.797132 1.067474 -0.003849
v -0.793458 1.071724 -0.005324
v -0.797553 0.875924 0.003153
v -0.787177 0.879522 -0.001383
v -0.794386 0.878468 -0.000305
v -0.787334 0.898836 0.001226
v -0.797682 0.897667 0.005290
v -0.794535 0.898494 0.002165
v -0.721395 0.897692 0.009783
v -0.731187 0.898836 0.004606
v -0.724149 0.898501 0.006373
v -0.731030 0.879522 0.001997
v -0.721254 0.876134 0.007444
v -0.723996 0.878530 0.003843
v -0.797143 0.854983 -0.003668
v -0.786798 0.861330 -0.007683
v -0.793998 0.859471 -0.006758
v -0.730650 0.861330 -0.004303
v -0.720910 0.853884 0.001724
v -0.723628 0.859149 -0.002287
v -0.709784 0.935128 -0.183108
v -0.720182 0.932451 -0.178214
v -0.712966 0.933235 -0.179397
v -0.731187 0.940276 0.004606
v -0.721333 0.944658 0.008760
v -0.724131 0.941559 0.006074
v -0.797607 0.944506 0.004044
v -0.787334 0.940276 0.001226
v -0.794513 0.941515 0.001801
v -0.776329 0.932459 -0.181594
v -0.786104 0.934821 -0.187049
v -0.783362 0.933151 -0.183443
v -0.710994 0.545832 -0.203807
v -0.718914 0.563938 -0.199277
v -0.712424 0.558635 -0.200353
v -0.725602 0.697573 -0.088162
v -0.718079 0.667187 -0.099885
v -0.719229 0.688673 -0.091345
v -0.793557 0.636064 -0.121616
v -0.781750 0.697573 -0.091542
v -0.789378 0.679558 -0.100601
v -0.775061 0.563938 -0.202657
v -0.786607 0.548349 -0.207687
v -0.782613 0.559372 -0.204382
v -0.712563 0.557819 -0.175975
v -0.721367 0.593506 -0.158517
v -0.714619 0.583054 -0.163379
v -0.720353 0.577786 -0.175367
v -0.713238 0.569078 -0.164199
v -0.714099 0.575235 -0.171845
v -0.720905 0.584843 -0.166196
v -0.712858 0.564287 -0.170459
v -0.714378 0.578822 -0.167193
v -0.788729 0.570390 -0.170415
v -0.776500 0.577786 -0.178747
v -0.784252 0.575620 -0.176557
v -0.777515 0.593506 -0.161897
v -0.788703 0.547007 -0.186000
v -0.784961 0.579887 -0.169208
v -0.777052 0.584843 -0.169576
v -0.788459 0.567860 -0.174188
v -0.784563 0.579869 -0.171178
v -0.708866 -0.988699 -0.198365
v -0.710259 -1.025380 -0.196758
v -0.704958 -1.111378 -0.263269
v -0.710021 -1.008923 -0.194965
v -0.786540 -1.025395 -0.201351
v -0.785147 -0.988714 -0.202958
v -0.781240 -1.111390 -0.267862
v -0.786302 -1.008937 -0.199558
v -0.770681 -0.412966 -0.443274
v -0.758721 -0.408188 -0.444912
v -0.767119 -0.409587 -0.444727
v -0.769472 -0.421088 -0.463356
v -0.756945 -0.420138 -0.474456
v -0.765508 -0.420416 -0.471499
v -0.769826 -0.415345 -0.457474
v -0.757465 -0.411688 -0.465803
v -0.765980 -0.412759 -0.463658
v -0.693191 -0.421088 -0.458764
v -0.704297 -0.420138 -0.471287
v -0.696149 -0.420416 -0.467324
v -0.694400 -0.412966 -0.438682
v -0.706079 -0.408188 -0.441744
v -0.697762 -0.409587 -0.440552
v -0.693545 -0.415345 -0.452882
v -0.704820 -0.411688 -0.462634
v -0.696622 -0.412759 -0.459483
v -0.769472 -1.310801 -0.463356
v -0.756946 -1.313155 -0.474456
v -0.765509 -1.312465 -0.471499
v -0.770681 -1.330918 -0.443274
v -0.758725 -1.342752 -0.444913
v -0.767120 -1.339286 -0.444727
v -0.769826 -1.325026 -0.457474
v -0.757468 -1.334083 -0.465803
v -0.765981 -1.331430 -0.463658
v -0.796682 -1.331136 -0.011324
v -0.785192 -1.342752 -0.005231
v -0.793451 -1.339349 -0.007310
v -0.786970 -1.313155 0.024313
v -0.798185 -1.304538 0.013637
v -0.795148 -1.310631 0.020891
v -0.797704 -1.324064 0.005658
v -0.786450 -1.334083 0.015660
v -0.794639 -1.331148 0.012436
v -0.694399 -1.330918 -0.438682
v -0.706072 -1.342752 -0.441743
v -0.697760 -1.339286 -0.440552
v -0.693190 -1.310801 -0.458764
v -0.704295 -1.313155 -0.471287
v -0.696148 -1.312465 -0.467324
v -0.693545 -1.325026 -0.452882
v -0.704815 -1.334083 -0.462634
v -0.696620 -1.331430 -0.459483
v -0.721903 -1.304538 0.018228
v -0.734319 -1.313155 0.027482
v -0.725788 -1.310631 0.025066
v -0.732539 -1.342752 -0.002061
v -0.720401 -1.331136 -0.006732
v -0.724090 -1.339349 -0.003135
v -0.733797 -1.334083 0.018829
v -0.721423 -1.324064 0.010250
v -0.725279 -1.331148 0.016611
v -0.798125 -0.941971 0.012642
v -0.786966 -0.939226 0.024313
v -0.795130 -0.940030 0.020600
v -0.786069 -0.884024 0.009496
v -0.797388 -0.895542 0.000399
v -0.794282 -0.887397 0.006536
v -0.786703 -0.910798 0.019973
v -0.797909 -0.917935 0.009062
v -0.794881 -0.912889 0.016482
v -0.781061 -0.420919 -0.347789
v -0.762562 -0.418526 -0.339188
v -0.772879 -0.419227 -0.342002
v -0.774121 -0.412966 -0.386127
v -0.762404 -0.408188 -0.383700
v -0.770732 -0.409587 -0.384706
v -0.775378 -0.415472 -0.365244
v -0.763920 -0.411216 -0.358470
v -0.772173 -0.412462 -0.360749
v -0.697840 -0.412966 -0.381536
v -0.709767 -0.408188 -0.380532
v -0.701376 -0.409587 -0.380531
v -0.705650 -0.420682 -0.342843
v -0.709940 -0.418526 -0.336020
v -0.703782 -0.419158 -0.337723
v -0.699097 -0.415472 -0.360652
v -0.711290 -0.411216 -0.355302
v -0.702819 -0.412462 -0.356574
v -0.721107 -0.895541 0.004991
v -0.733440 -0.884024 0.012664
v -0.724928 -0.887397 0.010711
v -0.734325 -0.939226 0.027482
v -0.721844 -0.941971 0.017234
v -0.725773 -0.940030 0.024775
v -0.721628 -0.917935 0.013654
v -0.734067 -0.910798 0.023142
v -0.725526 -0.912889 0.020657
v -0.783773 -1.330918 -0.225783
v -0.771959 -1.342752 -0.225072
v -0.780312 -1.339286 -0.225575
v -0.707491 -1.330918 -0.221191
v -0.719306 -1.342752 -0.221902
v -0.710952 -1.339286 -0.221399
v -0.704296 -1.100856 -0.471287
v -0.693191 -1.101456 -0.458764
v -0.696149 -1.101032 -0.467324
v -0.756946 -1.100856 -0.474456
v -0.769472 -1.101456 -0.463356
v -0.765508 -1.101032 -0.471499
v -0.786967 -1.000218 0.024313
v -0.798073 -1.000218 0.011790
v -0.795115 -1.000218 0.020350
v -0.798205 -1.032108 0.012531
v -0.787101 -1.032108 0.025054
v -0.795247 -1.032108 0.021092
v -0.798205 -1.013304 0.012531
v -0.787100 -1.013903 0.025055
v -0.795247 -1.013728 0.021092
v -0.734451 -1.032108 0.028224
v -0.721923 -1.032108 0.017123
v -0.725887 -1.032108 0.025267
v -0.721792 -1.000218 0.016381
v -0.734323 -1.000218 0.027482
v -0.725757 -1.000218 0.024525
v -0.734452 -1.013903 0.028224
v -0.721923 -1.013303 0.017123
v -0.725887 -1.013728 0.025267
v -0.773118 -0.486998 -0.218470
v -0.784537 -0.488217 -0.231390
v -0.781721 -0.487355 -0.222571
v -0.707594 -0.488347 -0.226356
v -0.721642 -0.486998 -0.215372
v -0.712266 -0.487393 -0.218272
v -0.712040 -0.618758 -0.168487
v -0.788086 -0.618734 -0.173073
v -0.796956 -1.310649 -0.006780
v -0.784575 -1.307361 -0.009095
v -0.793253 -1.308324 -0.008721
v -0.797178 -1.290073 -0.003091
v -0.784791 -1.287351 -0.005504
v -0.793471 -1.288149 -0.005102
v -0.732904 -1.287351 -0.002381
v -0.720896 -1.290072 0.001500
v -0.724335 -1.288148 -0.000940
v -0.732688 -1.307361 -0.005972
v -0.720674 -1.310649 -0.002189
v -0.724117 -1.308324 -0.004560
v -0.720073 -1.319390 -0.012174
v -0.732166 -1.315649 -0.014641
v -0.723572 -1.316745 -0.013615
v -0.796355 -1.319390 -0.016766
v -0.784053 -1.315649 -0.017765
v -0.792708 -1.316745 -0.017776
v -0.767426 -1.315649 -0.172011
v -0.778503 -1.318096 -0.191339
v -0.775722 -1.316366 -0.177976
v -0.702222 -1.318096 -0.186747
v -0.715538 -1.315649 -0.168887
v -0.706586 -1.316366 -0.173814
v -0.720851 -1.113622 0.000742
v -0.732904 -1.119630 -0.002381
v -0.724322 -1.117870 -0.001162
v -0.715871 -1.108159 -0.163365
v -0.702574 -1.100414 -0.180904
v -0.706924 -1.105889 -0.168198
v -0.778855 -1.100428 -0.185497
v -0.767758 -1.108168 -0.166488
v -0.776061 -1.105902 -0.172360
v -0.784791 -1.119630 -0.005504
v -0.797132 -1.113620 -0.003849
v -0.793458 -1.117870 -0.005324
v -0.797554 -0.922069 0.003153
v -0.787177 -0.925667 -0.001383
v -0.794386 -0.924613 -0.000305
v -0.787334 -0.944982 0.001226
v -0.797682 -0.943812 0.005290
v -0.794535 -0.944639 0.002165
v -0.721395 -0.943837 0.009783
v -0.731187 -0.944982 0.004606
v -0.724149 -0.944646 0.006373
v -0.731030 -0.925667 0.001997
v -0.721254 -0.922279 0.007444
v -0.723997 -0.924675 0.003843
v -0.797143 -0.901129 -0.003668
v -0.786798 -0.907476 -0.007683
v -0.793998 -0.905617 -0.006758
v -0.730651 -0.907476 -0.004303
v -0.720910 -0.900029 0.001724
v -0.723628 -0.905295 -0.002287
v -0.709784 -0.981273 -0.183108
v -0.720182 -0.978597 -0.178214
v -0.712966 -0.979380 -0.179397
v -0.731187 -0.986421 0.004606
v -0.721334 -0.990803 0.008760
v -0.724131 -0.987705 0.006074
v -0.797607 -0.990651 0.004044
v -0.787334 -0.986421 0.001226
v -0.794513 -0.987660 0.001801
v -0.776329 -0.978604 -0.181594
v -0.786104 -0.980966 -0.187049
v -0.783362 -0.979296 -0.183443
v -0.710994 -0.591977 -0.203807
v -0.718914 -0.610083 -0.199277
v -0.712425 -0.604780 -0.200353
v -0.725603 -0.743718 -0.088162
v -0.718079 -0.713332 -0.099885
v -0.719229 -0.734818 -0.091345
v -0.793557 -0.682209 -0.121616
v -0.781750 -0.743718 -0.091542
v -0.789378 -0.725703 -0.100601
v -0.775062 -0.610083 -0.202657
v -0.786607 -0.594494 -0.207687
v -0.782613 -0.605517 -0.204382
v -0.712564 -0.603964 -0.175975
v -0.721368 -0.639651 -0.158517
v -0.714619 -0.629199 -0.163379
v -0.720353 -0.623931 -0.175367
v -0.713239 -0.615223 -0.164199
v -0.714100 -0.621381 -0.171845
v -0.720905 -0.630989 -0.166196
v -0.712858 -0.610432 -0.170459
v -0.714379 -0.624968 -0.167193
v -0.788729 -0.616535 -0.170415
v -0.776501 -0.623931 -0.178747
v -0.784252 -0.621765 -0.176557
v -0.777515 -0.639651 -0.161897
v -0.788703 -0.593152 -0.186000
v -0.784962 -0.626032 -0.169208
v -0.777053 -0.630989 -0.169576
v -0.788459 -0.614005 -0.174188
v -0.784564 -0.626014 -0.171178
v 0.710621 0.942554 -0.198365
v 0.712014 0.979235 -0.196758
v 0.706714 1.065233 -0.263269
v 0.711777 0.962778 -0.194965
v 0.788296 0.979250 -0.201351
v 0.786902 0.942569 -0.202958
v 0.782995 1.065245 -0.267862
v 0.788058 0.962792 -0.199558
v 0.772436 0.366821 -0.443274
v 0.760477 0.362043 -0.444912
v 0.768875 0.363442 -0.444727
v 0.771228 0.374943 -0.463356
v 0.758701 0.373993 -0.474456
v 0.767264 0.374271 -0.471499
v 0.771582 0.369200 -0.457474
v 0.759221 0.365543 -0.465803
v 0.767736 0.366614 -0.463658
v 0.694947 0.374943 -0.458764
v 0.706053 0.373993 -0.471287
v 0.697905 0.374271 -0.467324
v 0.696155 0.366821 -0.438682
v 0.707835 0.362043 -0.441744
v 0.699518 0.363442 -0.440552
v 0.695301 0.369200 -0.452882
v 0.706575 0.365543 -0.462634
v 0.698377 0.366614 -0.459483
v 0.771228 1.264656 -0.463356
v 0.758702 1.267010 -0.474456
v 0.767264 1.266320 -0.471499
v 0.772436 1.284773 -0.443274
v 0.760481 1.296607 -0.444913
v 0.768876 1.293141 -0.444727
v 0.771581 1.278881 -0.457474
v 0.759223 1.287938 -0.465803
v 0.767736 1.285285 -0.463658
v 0.798438 1.284991 -0.011324
v 0.786948 1.296607 -0.005231
v 0.795207 1.293204 -0.007310
v 0.788726 1.267010 0.024313
v 0.799940 1.258393 0.013637
v 0.796904 1.264486 0.020891
v 0.799460 1.277919 0.005658
v 0.788205 1.287938 0.015660
v 0.796395 1.285003 0.012436
v 0.696155 1.284773 -0.438682
v 0.707828 1.296607 -0.441743
v 0.699515 1.293141 -0.440552
v 0.694946 1.264656 -0.458764
v 0.706051 1.267010 -0.471287
v 0.697904 1.266320 -0.467324
v 0.695300 1.278881 -0.452882
v 0.706571 1.287938 -0.462634
v 0.698376 1.285285 -0.459483
v 0.723659 1.258393 0.018228
v 0.736074 1.267010 0.027482
v 0.727544 1.264486 0.025066
v 0.734295 1.296607 -0.002061
v 0.722157 1.284991 -0.006732
v 0.725846 1.293204 -0.003135
v 0.735553 1.287938 0.018829
v 0.723179 1.277919 0.010250
v 0.727035 1.285003 0.016611
v 0.799881 0.895826 0.012642
v 0.788722 0.893081 0.024313
v 0.796885 0.893885 0.020600
v 0.787825 0.837879 0.009496
v 0.799144 0.849397 0.000399
v 0.796038 0.841252 0.006536
v 0.788458 0.864653 0.019973
v 0.799665 0.871790 0.009062
v 0.796637 0.866744 0.016482
v 0.782817 0.374774 -0.347789
v 0.764317 0.372381 -0.339188
v 0.774634 0.373082 -0.342002
v 0.775876 0.366821 -0.386127
v 0.764159 0.362043 -0.383700
v 0.772487 0.363442 -0.384706
v 0.777134 0.369327 -0.365244
v 0.765675 0.365071 -0.358470
v 0.773929 0.366317 -0.360749
v 0.699595 0.366821 -0.381536
v 0.711523 0.362043 -0.380532
v 0.703132 0.363442 -0.380531
v 0.707406 0.374537 -0.342843
v 0.711696 0.372381 -0.336020
v 0.705538 0.373013 -0.337723
v 0.700852 0.369327 -0.360652
v 0.713045 0.365071 -0.355302
v 0.704575 0.366317 -0.356574
v 0.722862 0.849396 0.004991
v 0.735196 0.837879 0.012664
v 0.726684 0.841252 0.010711
v 0.736081 0.893081 0.027482
v 0.723599 0.895826 0.017234
v 0.727528 0.893885 0.024775
v 0.723384 0.871790 0.013654
v 0.735822 0.864653 0.023142
v 0.727281 0.866744 0.020657
v 0.785528 1.284773 -0.225783
v 0.773715 1.296607 -0.225072
v 0.782068 1.293141 -0.225575
v 0.709247 1.284773 -0.221191
v 0.721062 1.296607 -0.221902
v 0.712708 1.293141 -0.221399
v 0.706052 1.054711 -0.471287
v 0.694946 1.055311 -0.458764
v 0.697905 1.054887 -0.467324
v 0.758702 1.054711 -0.474456
v 0.771228 1.055311 -0.463356
v 0.767264 1.054887 -0.471499
v 0.788723 0.954073 0.024313
v 0.799829 0.954073 0.011790
v 0.796871 0.954073 0.020350
v 0.799960 0.985963 0.012531
v 0.788856 0.985963 0.025054
v 0.797003 0.985963 0.021092
v 0.799960 0.967159 0.012531
v 0.788855 0.967759 0.025055
v 0.797002 0.967583 0.021092
v 0.736207 0.985963 0.028224
v 0.723679 0.985963 0.017123
v 0.727643 0.985963 0.025267
v 0.723548 0.954073 0.016381
v 0.736078 0.954073 0.027482
v 0.727513 0.954073 0.024525
v 0.736208 0.967759 0.028224
v 0.723679 0.967158 0.017123
v 0.727643 0.967583 0.025267
v 0.774874 0.440854 -0.218470
v 0.786293 0.442072 -0.231390
v 0.783476 0.441210 -0.222571
v 0.709349 0.442202 -0.226356
v 0.723397 0.440854 -0.215372
v 0.714021 0.441248 -0.218272
v 0.713796 0.572613 -0.168487
v 0.789842 0.572589 -0.173073
v 0.798711 1.264504 -0.006780
v 0.786331 1.261216 -0.009095
v 0.795009 1.262179 -0.008721
v 0.798933 1.243928 -0.003091
v 0.786547 1.241206 -0.005504
v 0.795227 1.242004 -0.005102
v 0.734660 1.241206 -0.002381
v 0.722652 1.243927 0.001500
v 0.726091 1.242003 -0.000940
v 0.734444 1.261216 -0.005972
v 0.722430 1.264504 -0.002189
v 0.725873 1.262179 -0.004560
v 0.721829 1.273245 -0.012174
v 0.733922 1.269504 -0.014641
v 0.725328 1.270600 -0.013615
v 0.798110 1.273245 -0.016766
v 0.785809 1.269504 -0.017765
v 0.794464 1.270600 -0.017776
v 0.769181 1.269504 -0.172011
v 0.780259 1.271951 -0.191339
v 0.777478 1.270221 -0.177976
v 0.703978 1.271951 -0.186747
v 0.717294 1.269504 -0.168887
v 0.708342 1.270221 -0.173814
v 0.722607 1.067477 0.000742
v 0.734660 1.073485 -0.002381
v 0.726077 1.071725 -0.001162
v 0.717627 1.062014 -0.163365
v 0.704330 1.054269 -0.180904
v 0.708680 1.059744 -0.168198
v 0.780611 1.054283 -0.185497
v 0.769514 1.062023 -0.166488
v 0.777816 1.059757 -0.172360
v 0.786547 1.073485 -0.005504
v 0.798888 1.067475 -0.003849
v 0.795214 1.071725 -0.005324
v 0.799309 0.875924 0.003153
v 0.788933 0.879522 -0.001383
v 0.796142 0.878468 -0.000305
v 0.789090 0.898837 0.001226
v 0.799438 0.897667 0.005290
v 0.796291 0.898494 0.002165
v 0.723151 0.897692 0.009783
v 0.732943 0.898837 0.004606
v 0.725905 0.898501 0.006373
v 0.732786 0.879522 0.001997
v 0.723010 0.876134 0.007444
v 0.725752 0.878530 0.003843
v 0.798899 0.854984 -0.003668
v 0.788554 0.861331 -0.007683
v 0.795753 0.859472 -0.006758
v 0.732406 0.861331 -0.004303
v 0.722666 0.853884 0.001724
v 0.725383 0.859150 -0.002287
v 0.711540 0.935128 -0.183108
v 0.721938 0.932452 -0.178214
v 0.714722 0.933235 -0.179397
v 0.732943 0.940276 0.004606
v 0.723089 0.944658 0.008760
v 0.725887 0.941560 0.006074
v 0.799363 0.944506 0.004044
v 0.789090 0.940276 0.001226
v 0.796269 0.941515 0.001801
v 0.778085 0.932459 -0.181594
v 0.787860 0.934821 -0.187049
v 0.785118 0.933151 -0.183443
v 0.712750 0.545832 -0.203807
v 0.720670 0.563938 -0.199277
v 0.714180 0.558635 -0.200353
v 0.727358 0.697573 -0.088162
v 0.719835 0.667187 -0.099885
v 0.720985 0.688673 -0.091345
v 0.795313 0.636064 -0.121616
v 0.783506 0.697573 -0.091542
v 0.791134 0.679558 -0.100601
v 0.776817 0.563938 -0.202657
v 0.788363 0.548349 -0.207687
v 0.784369 0.559372 -0.204382
v 0.714320 0.557819 -0.175975
v 0.723123 0.593506 -0.158517
v 0.716375 0.583054 -0.163379
v 0.722109 0.577786 -0.175367
v 0.714994 0.569078 -0.164199
v 0.715855 0.575236 -0.171845
v 0.722661 0.584844 -0.166196
v 0.714614 0.564287 -0.170459
v 0.716134 0.578823 -0.167193
v 0.790485 0.570390 -0.170415
v 0.778256 0.577786 -0.178747
v 0.786008 0.575620 -0.176557
v 0.779271 0.593506 -0.161897
v 0.790459 0.547007 -0.186000
v 0.786718 0.579887 -0.169208
v 0.778809 0.584844 -0.169576
v 0.790215 0.567860 -0.174188
v 0.786319 0.579869 -0.171178
v 0.710621 -0.988699 -0.198365
v 0.712014 -1.025380 -0.196758
v 0.706714 -1.111378 -0.263269
v 0.711776 -1.008922 -0.194965
v 0.788295 -1.025395 -0.201351
v 0.786902 -0.988714 -0.202958
v 0.782995 -1.111389 -0.267862
v 0.788058 -1.008937 -0.199558
v 0.772436 -0.412965 -0.443274
v 0.760476 -0.408188 -0.444912
v 0.768875 -0.409587 -0.444727
v 0.771227 -0.421088 -0.463356
v 0.758701 -0.420137 -0.474456
v 0.767264 -0.420416 -0.471499
v 0.771581 -0.415344 -0.457474
v 0.759220 -0.411688 -0.465803
v 0.767735 -0.412759 -0.463658
v 0.694946 -0.421088 -0.458764
v 0.706053 -0.420137 -0.471287
v 0.697905 -0.420416 -0.467324
v 0.696155 -0.412965 -0.438682
v 0.707835 -0.408188 -0.441744
v 0.699517 -0.409587 -0.440552
v 0.695300 -0.415344 -0.452882
v 0.706575 -0.411688 -0.462634
v 0.698377 -0.412759 -0.459483
v 0.771227 -1.310801 -0.463356
v 0.758702 -1.313154 -0.474456
v 0.767264 -1.312465 -0.471499
v 0.772436 -1.330918 -0.443274
v 0.760481 -1.342751 -0.444913
v 0.768876 -1.339285 -0.444727
v 0.771581 -1.325026 -0.457474
v 0.759223 -1.334083 -0.465803
v 0.767736 -1.331430 -0.463658
v 0.798438 -1.331136 -0.011324
v 0.786948 -1.342751 -0.005231
v 0.795207 -1.339349 -0.007310
v 0.788726 -1.313154 0.024313
v 0.799940 -1.304537 0.013637
v 0.796904 -1.310631 0.020891
v 0.799460 -1.324064 0.005658
v 0.788205 -1.334083 0.015660
v 0.796395 -1.331148 0.012436
v 0.696155 -1.330918 -0.438682
v 0.707828 -1.342751 -0.441743
v 0.699515 -1.339285 -0.440552
v 0.694946 -1.310801 -0.458764
v 0.706051 -1.313154 -0.471287
v 0.697904 -1.312465 -0.467324
v 0.695300 -1.325026 -0.452882
v 0.706571 -1.334083 -0.462634
v 0.698376 -1.331430 -0.459483
v 0.723659 -1.304537 0.018228
v 0.736074 -1.313154 0.027482
v 0.727544 -1.310631 0.025066
v 0.734295 -1.342751 -0.002061
v 0.722157 -1.331136 -0.006732
v 0.725846 -1.339349 -0.003135
v 0.735553 -1.334083 0.018829
v 0.723179 -1.324064 0.010250
v 0.727035 -1.331148 0.016611
v 0.799880 -0.941971 0.012642
v 0.788721 -0.939226 0.024313
v 0.796885 -0.940030 0.020600
v 0.787825 -0.884024 0.009496
v 0.799143 -0.895542 0.000399
v 0.796037 -0.887397 0.006536
v 0.788458 -0.910798 0.019973
v 0.799665 -0.917935 0.009062
v 0.796637 -0.912888 0.016482
v 0.782816 -0.420918 -0.347789
v 0.764317 -0.418526 -0.339188
v 0.774634 -0.419227 -0.342002
v 0.775876 -0.412965 -0.386127
v 0.764159 -0.408188 -0.383700
v 0.772487 -0.409587 -0.384706
v 0.777133 -0.415472 -0.365244
v 0.765675 -0.411216 -0.358470
v 0.773928 -0.412462 -0.360749
v 0.699595 -0.412965 -0.381536
v 0.711522 -0.408188 -0.380532
v 0.703131 -0.409587 -0.380531
v 0.707406 -0.420682 -0.342843
v 0.711696 -0.418526 -0.336020
v 0.705538 -0.419157 -0.337723
v 0.700852 -0.415472 -0.360652
v 0.713045 -0.411216 -0.355302
v 0.704575 -0.412462 -0.356574
v 0.722862 -0.895541 0.004991
v 0.735196 -0.884024 0.012664
v 0.726684 -0.887397 0.010711
v 0.736081 -0.939226 0.027482
v 0.723599 -0.941970 0.017234
v 0.727528 -0.940030 0.024775
v 0.723384 -0.917935 0.013654
v 0.735822 -0.910798 0.023142
v 0.727281 -0.912888 0.020657
v 0.785528 -1.330918 -0.225783
v 0.773715 -1.342751 -0.225072
v 0.782068 -1.339285 -0.225575
v 0.709247 -1.330918 -0.221191
v 0.721061 -1.342751 -0.221902
v 0.712708 -1.339285 -0.221399
v 0.706051 -1.100856 -0.471287
v 0.694946 -1.101455 -0.458764
v 0.697904 -1.101031 -0.467324
v 0.758701 -1.100856 -0.474456
v 0.771227 -1.101456 -0.463356
v 0.767264 -1.101032 -0.471499
v 0.788723 -1.000218 0.024313
v 0.799829 -1.000218 0.011790
v 0.796871 -1.000218 0.020350
v 0.799960 -1.032108 0.012531
v 0.788856 -1.032108 0.025054
v 0.797002 -1.032108 0.021092
v 0.799960 -1.013304 0.012531
v 0.788855 -1.013903 0.025055
v 0.797002 -1.013728 0.021092
v 0.736206 -1.032108 0.028224
v 0.723679 -1.032108 0.017123
v 0.727643 -1.032108 0.025267
v 0.723548 -1.000218 0.016381
v 0.736078 -1.000218 0.027482
v 0.727512 -1.000218 0.024525
v 0.736208 -1.013903 0.028224
v 0.723679 -1.013303 0.017123
v 0.727643 -1.013727 0.025267
v 0.774873 -0.486998 -0.218470
v 0.786292 -0.488217 -0.231390
v 0.783476 -0.487355 -0.222571
v 0.709349 -0.488347 -0.226356
v 0.723397 -0.486998 -0.215372
v 0.714021 -0.487393 -0.218272
v 0.713796 -0.618758 -0.168487
v 0.789842 -0.618734 -0.173073
v 0.798711 -1.310649 -0.006780
v 0.786331 -1.307361 -0.009095
v 0.795009 -1.308324 -0.008721
v 0.798933 -1.290073 -0.003091
v 0.786547 -1.287351 -0.005504
v 0.795227 -1.288148 -0.005102
v 0.734660 -1.287351 -0.002381
v 0.722652 -1.290072 0.001500
v 0.726091 -1.288148 -0.000940
v 0.734444 -1.307361 -0.005972
v 0.722430 -1.310649 -0.002189
v 0.725873 -1.308324 -0.004560
v 0.721829 -1.319390 -0.012174
v 0.733922 -1.315649 -0.014641
v 0.725328 -1.316744 -0.013615
v 0.798110 -1.319390 -0.016766
v 0.785809 -1.315649 -0.017765
v 0.794464 -1.316745 -0.017776
v 0.769181 -1.315649 -0.172011
v 0.780259 -1.318095 -0.191339
v 0.777478 -1.316365 -0.177976
v 0.703978 -1.318095 -0.186747
v 0.717294 -1.315649 -0.168887
v 0.708342 -1.316365 -0.173814
v 0.722606 -1.113622 0.000742
v 0.734660 -1.119630 -0.002381
v 0.726077 -1.117870 -0.001162
v 0.717627 -1.108158 -0.163365
v 0.704329 -1.100414 -0.180904
v 0.708680 -1.105889 -0.168198
v 0.780611 -1.100428 -0.185497
v 0.769514 -1.108168 -0.166488
v 0.777816 -1.105902 -0.172360
v 0.786547 -1.119630 -0.005504
v 0.798888 -1.113619 -0.003849
v 0.795214 -1.117869 -0.005324
v 0.799309 -0.922069 0.003153
v 0.788933 -0.925667 -0.001383
v 0.796142 -0.924613 -0.000305
v 0.789090 -0.944981 0.001226
v 0.799438 -0.943812 0.005290
v 0.796290 -0.944639 0.002165
v 0.723151 -0.943837 0.009783
v 0.732942 -0.944981 0.004606
v 0.725905 -0.944646 0.006373
v 0.732785 -0.925667 0.001997
v 0.723010 -0.922279 0.007444
v 0.725752 -0.924675 0.003843
v 0.798899 -0.901128 -0.003668
v 0.788554 -0.907475 -0.007683
v 0.795753 -0.905616 -0.006758
v 0.732406 -0.907475 -0.004303
v 0.722666 -0.900029 0.001724
v 0.725383 -0.905294 -0.002287
v 0.711539 -0.981273 -0.183108
v 0.721937 -0.978596 -0.178214
v 0.714722 -0.979380 -0.179397
v 0.732942 -0.986421 0.004606
v 0.723089 -0.990803 0.008760
v 0.725886 -0.987704 0.006074
v 0.799363 -0.990651 0.004044
v 0.789090 -0.986421 0.001226
v 0.796268 -0.987660 0.001801
v 0.778085 -0.978603 -0.181594
v 0.787860 -0.980966 -0.187049
v 0.785118 -0.979296 -0.183443
v 0.712750 -0.591976 -0.203807
v 0.720669 -0.610083 -0.199277
v 0.714180 -0.604780 -0.200353
v 0.727358 -0.743718 -0.088162
v 0.719835 -0.713332 -0.099885
v 0.720985 -0.734818 -0.091345
v 0.795313 -0.682209 -0.121616
v 0.783506 -0.743718 -0.091542
v 0.791134 -0.725703 -0.100601
v 0.776817 -0.610083 -0.202657
v 0.788363 -0.594494 -0.207687
v 0.784368 -0.605517 -0.204382
v 0.714319 -0.603964 -0.175975
v 0.723123 -0.639651 -0.158517
v 0.716375 -0.629199 -0.163379
v 0.722109 -0.623931 -0.175367
v 0.714994 -0.615223 -0.164199
v 0.715855 -0.621380 -0.171845
v 0.722661 -0.630988 -0.166196
v 0.714614 -0.610432 -0.170459
v 0.716134 -0.624967 -0.167193
v 0.790484 -0.616535 -0.170415
v 0.778256 -0.623931 -0.178747
v 0.786008 -0.621765 -0.176557
v 0.779270 -0.639651 -0.161897
v 0.790458 -0.593152 -0.186000
v 0.786717 -0.626032 -0.169208
v 0.778808 -0.630988 -0.169576
v 0.790215 -0.614005 -0.174188
v 0.786319 -0.626014 -0.171178
vn -0.0000 -0.0000 -1.0000
vn -0.0000 -1.0000 -0.0000
vn 1.0000 -0.0000 -0.0000
vn -0.0000 -0.0000 1.0000
vn -0.0000 1.0000 -0.0000
vn -0.8881 0.3251 0.3251
vn -0.3251 0.3251 0.8881
vn -0.3251 0.8881 0.3251
vn -0.3251 0.3251 -0.8881
vn -0.8881 0.3251 -0.3251
vn -0.3251 0.8881 -0.3251
vn 0.3251 0.8881 0.3251
vn 0.3251 0.3251 0.8881
vn 0.8881 0.3251 0.3251
vn 0.3251 0.8881 -0.3251
vn 0.8881 0.3251 -0.3251
vn 0.3251 0.3251 -0.8881
vn -0.8881 -0.3251 0.3251
vn -0.3251 -0.8881 0.3251
vn -0.3251 -0.3251 0.8881
vn -0.3251 -0.8881 -0.3251
vn -0.8881 -0.3251 -0.3251
vn -0.3251 -0.3251 -0.8881
vn 0.3251 -0.8881 0.3251
vn 0.8881 -0.3251 0.3251
vn 0.3251 -0.3251 0.8881
vn 0.3251 -0.3251 -0.8881
vn 0.8881 -0.3251 -0.3251
vn 0.3251 -0.8881 -0.3251
vn -0.0000 -0.3827 -0.9239
vn -0.0000 -0.9239 -0.3827
vn -0.3827 -0.0000 -0.9239
vn -0.9239 -0.0000 -0.3827
vn -0.3827 0.9239 -0.0000
vn -0.9239 0.3827 -0.0000
vn 0.9239 -0.3827 -0.0000
vn 0.3827 -0.9239 -0.0000
vn 0.9239 0.3827 -0.0000
vn 0.3827 0.9239 -0.0000
vn -0.9239 -0.3827 -0.0000
vn -0.3827 -0.9239 -0.0000
vn 0.3827 -0.0000 0.9239
vn 0.9239 -0.0000 0.3827
vn -0.0000 0.3827 0.9239
vn -0.0000 0.9239 0.3827
vn 0.3827 -0.0000 -0.9239
vn 0.9239 -0.0000 -0.3827
vn -0.0000 -0.3827 0.9239
vn -0.0000 -0.9239 0.3827
vn -0.3827 -0.0000 0.9239
vn -0.9239 -0.0000 0.3827
vn -0.0000 0.3827 -0.9239
vn -0.0000 0.9239 -0.3827
vn -1.0000 -0.0000 -0.0000
vn -0.3142 0.0214 -0.9491
vn -0.0775 0.0263 -0.9966
vn -0.0641 -0.3663 -0.9283
vn -0.3056 -0.3320 -0.8924
vn -0.0000 -0.9626 0.2710
vn 0.0003 -0.9977 0.0673
vn 0.0017 -0.9977 0.0673
vn 0.1156 -0.9677 -0.2240
vn 0.2474 -0.9566 -0.1538
vn 0.0095 -0.9991 0.0409
vn 0.0777 0.0265 -0.9966
vn 0.3137 0.0212 -0.9493
vn 0.3052 -0.3226 -0.8960
vn 0.0621 -0.3634 -0.9296
vn -0.0000 0.7903 0.6127
vn -0.0012 0.9977 -0.0676
vn -0.1700 0.9829 -0.0707
vn -0.1316 0.8134 0.5666
vn -0.9714 0.1496 -0.1846
vn -0.9715 -0.1898 -0.1423
vn -0.6821 -0.3284 -0.6534
vn -0.6816 0.1510 -0.7160
vn -0.0827 0.9864 0.1417
vn -0.1337 0.9910 0.0055
vn 0.0102 0.9988 -0.0482
vn 0.1164 0.9931 0.0114
vn 0.0401 0.9899 0.1362
vn 0.0074 0.9994 -0.0328
vn 0.1750 -0.9823 0.0675
vn 0.1353 -0.9655 0.2226
vn -0.0167 -0.9912 -0.1316
vn 0.0241 -0.9879 -0.1529
vn 0.1801 0.9829 -0.0391
vn -0.0306 -0.9859 0.1645
vn -0.0166 -0.9819 0.1887
vn 0.0066 -0.9993 0.0367
vn 0.0011 0.9977 -0.0672
vn -0.7238 0.2633 0.6378
vn -0.9755 0.2194 -0.0182
vn -0.9757 -0.2185 0.0180
vn -0.6867 -0.1358 0.7141
vn -0.0000 -0.0217 0.9998
vn -0.5276 0.6459 0.5518
vn 0.1315 0.8134 0.5666
vn 0.1702 0.9830 -0.0692
vn -0.1339 -0.9657 0.2226
vn -0.1726 -0.9826 0.0689
vn 0.0160 0.9624 -0.2710
vn -0.0162 0.9624 -0.2710
vn 0.6872 -0.1344 0.7139
vn 0.7237 0.2635 0.6378
vn 0.5273 0.6461 0.5518
vn -0.1214 -0.9824 0.1420
vn -0.9666 0.1783 -0.1840
vn -0.9626 -0.2304 -0.1424
vn -0.0071 0.9986 -0.0528
vn 0.0143 0.9992 -0.0383
vn -0.1821 0.9730 -0.1421
vn -0.0183 0.9978 -0.0630
vn 0.1200 0.9797 -0.1606
vn 0.1773 0.9821 -0.0633
vn -0.0084 0.9992 -0.0381
vn -0.0810 0.9696 -0.2309
vn 0.0832 0.9870 0.1377
vn -0.0418 0.9903 0.1324
vn 0.0108 -0.9988 0.0483
vn 0.0015 -0.9989 0.0475
vn 0.1320 -0.9815 0.1384
vn 0.1874 -0.9815 0.0397
vn -0.0151 -0.9982 0.0574
vn -0.0760 -0.9748 0.2096
vn 0.0170 -0.9802 0.1972
vn 0.9720 -0.1883 -0.1407
vn 0.9709 0.1504 -0.1863
vn 0.6794 0.1568 -0.7168
vn 0.6842 -0.3229 -0.6539
vn 0.0010 0.9988 -0.0487
vn -0.0455 0.9781 -0.2033
vn 0.0427 0.9770 -0.2091
vn -0.1825 0.9822 -0.0435
vn -0.1455 0.9792 -0.1412
vn -0.0608 -0.9896 -0.1307
vn -0.1245 -0.9922 -0.0111
vn -0.0028 -0.9988 0.0488
vn 0.1364 0.9907 -0.0000
vn -0.1724 0.9833 -0.0581
vn 0.2988 -0.0251 0.9540
vn 0.2952 0.2624 0.9187
vn 0.7357 0.2978 0.6083
vn 0.7352 -0.1429 0.6626
vn -0.1197 0.9928 0.0068
vn -0.0262 -0.9977 0.0622
vn 0.0599 -0.9895 -0.1318
vn -0.0613 -0.9899 -0.1274
vn 0.0816 -0.9798 0.1826
vn 0.1685 -0.9729 0.1586
vn 0.0110 -0.9987 0.0495
vn -0.6275 0.3464 0.6974
vn -0.6230 -0.1700 0.7635
vn -0.9704 -0.1513 0.1881
vn -0.9704 0.1899 0.1494
vn -0.1728 -0.9730 0.1531
vn -0.0841 -0.9806 0.1769
vn 0.0506 0.9821 -0.1812
vn -0.1613 -0.2792 -0.9466
vn -0.1601 0.0184 -0.9869
vn -0.9734 0.1850 0.1355
vn -0.9735 -0.1458 0.1761
vn -0.7336 0.3034 0.6081
vn -0.7369 -0.1374 0.6619
vn -0.2944 0.2704 0.9166
vn 0.0225 0.2822 0.9591
vn 0.0160 -0.0183 0.9997
vn -0.2992 -0.0167 0.9540
vn -0.0227 0.2740 0.9615
vn -0.0157 -0.0273 0.9995
vn -0.9718 -0.1859 -0.1451
vn -0.9721 0.1477 -0.1822
vn 0.9738 0.1838 0.1340
vn 0.9731 -0.1466 0.1776
vn 0.0339 -0.9866 0.1596
vn 0.6253 0.3524 0.6963
vn 0.6249 -0.1637 0.7633
vn 0.9699 0.1912 0.1507
vn 0.9725 0.1467 -0.1809
vn 0.9714 -0.1872 -0.1463
vn 0.9709 -0.1503 0.1867
vn -0.0128 0.9993 -0.0351
vn 0.0816 0.9699 -0.2295
vn 0.0218 0.9978 -0.0621
vn 0.1853 0.9724 -0.1417
vn -0.1188 0.9807 -0.1554
vn -0.0008 0.9989 -0.0470
vn 0.1471 0.9796 -0.1367
vn 0.0745 -0.9766 0.2019
vn -0.0098 -0.9993 0.0367
vn -0.1061 -0.9719 -0.2100
vn 0.0230 -0.9977 0.0633
vn -0.2319 -0.9724 0.0241
vn 0.2008 -0.9776 0.0625
vn -0.1810 -0.9825 0.0431
vn -0.0537 0.9830 -0.1754
vn -0.0436 0.9773 -0.2075
vn 0.0464 0.9783 -0.2019
vn 0.1599 0.0271 -0.9868
vn 0.1619 -0.2705 -0.9490
vn 0.1306 -0.9914 0.0037
vn 0.0625 -0.9901 -0.1259
vn -0.1615 -0.2703 -0.9491
vn -0.1611 0.0261 -0.9866
vn -0.6831 0.1544 -0.7138
vn -0.6825 -0.3210 -0.6567
vn 0.1217 -0.9924 -0.0162
vn 0.6848 0.1484 -0.7134
vn 0.6806 -0.3267 -0.6558
vn 0.0613 0.9849 -0.1620
vn -0.0588 0.9842 -0.1671
vn 0.1612 0.0170 -0.9868
vn 0.1608 -0.2786 -0.9468
vn -0.1276 -0.9918 -0.0021
vn -0.2016 -0.9778 0.0572
vn 0.2393 -0.9708 0.0187
vn 0.7541 0.0630 -0.6537
vn 0.7452 -0.2652 -0.6118
vn 0.1331 0.9683 -0.2113
vn -0.2353 -0.9614 -0.1427
vn -0.7538 0.0643 -0.6539
vn -0.7438 -0.2742 -0.6096
vn -0.1327 0.9685 -0.2107
vn 0.9667 0.1785 -0.1836
vn 0.9641 -0.2245 -0.1418
vn 0.9764 -0.2153 0.0177
vn 0.9754 0.2198 -0.0183
vn 0.6670 0.7424 -0.0626
vn -0.6675 0.7420 -0.0626
vn -0.4801 -0.6592 0.5787
vn -0.6764 -0.7341 0.0604
vn -0.0000 -0.6120 0.7909
vn -0.0590 0.6139 -0.7872
vn 0.0589 0.6145 -0.7867
vn -0.0000 -0.6120 0.7908
vn 0.4820 -0.6575 0.5790
vn 0.0518 -0.7795 -0.6243
vn -0.0496 -0.7875 -0.6144
vn 0.6808 -0.7300 0.0601
vn 0.5937 -0.6657 -0.4521
vn 0.2438 -0.7144 -0.6559
vn 0.7120 -0.6982 -0.0746
vn 0.5725 0.5966 -0.5624
vn 0.6924 0.6904 -0.2097
vn 0.2570 0.5933 -0.7629
vn -0.5827 -0.6815 -0.4427
vn -0.7039 -0.7066 -0.0721
vn -0.2383 -0.7363 -0.6333
vn -0.5716 0.5981 -0.5618
vn -0.2566 0.5935 -0.7628
vn -0.6922 0.6907 -0.2092
vn -0.4388 -0.8307 -0.3426
vn -0.1327 -0.7140 -0.6875
vn -0.7218 -0.6903 -0.0493
vn -0.4714 -0.7321 0.4917
vn -0.7242 -0.6593 0.2024
vn -0.2462 -0.5576 0.7928
vn -0.3940 0.8494 0.3512
vn -0.0340 0.7168 0.6964
vn -0.7186 0.6927 0.0612
vn 0.4893 0.8055 0.3342
vn 0.7287 0.6838 0.0388
vn 0.2316 0.6971 0.6785
vn 0.3499 -0.7861 0.5095
vn 0.0157 -0.5749 0.8181
vn 0.7063 -0.6777 0.2049
vn -0.4850 0.8068 0.3373
vn -0.2299 0.7004 0.6757
vn -0.7270 0.6852 0.0443
vn 0.3894 0.8505 0.3534
vn 0.7165 0.6945 0.0659
vn 0.0332 0.7200 0.6932
vn 0.4672 -0.7324 0.4952
vn 0.2445 -0.5615 0.7906
vn 0.7227 -0.6591 0.2082
vn -0.3452 -0.7864 0.5122
vn -0.7043 -0.6781 0.2100
vn -0.0148 -0.5788 0.8153
vn -0.4051 0.7595 -0.5090
vn -0.7080 0.6735 -0.2125
vn -0.1310 0.5696 -0.8114
vn 0.4003 0.7598 -0.5122
vn 0.1297 0.5734 -0.8089
vn 0.7060 0.6737 -0.2184
vn 0.4435 -0.8294 -0.3397
vn 0.7240 -0.6884 -0.0436
vn 0.1341 -0.7109 -0.6904
vn -0.4393 -0.8268 -0.3514
vn -0.1330 -0.7093 -0.6923
vn -0.7233 -0.6881 -0.0580
vn 0.4354 -0.8279 -0.3537
vn 0.7216 -0.6895 -0.0626
vn 0.1315 -0.7126 -0.6891
vn 0.4167 0.7596 -0.4994
vn 0.1339 0.5692 -0.8112
vn 0.7207 0.6647 -0.1971
vn -0.4123 0.7601 -0.5022
vn -0.7192 0.6649 -0.2019
vn -0.1323 0.5733 -0.8086
vn -0.4203 0.4203 0.8042
vn -0.6929 0.6929 0.1995
vn -0.0000 0.9799 0.1995
vn -0.0000 0.5944 0.8042
vn 0.5944 -0.0000 0.8042
vn 0.9799 -0.0000 0.1995
vn 0.6929 -0.6929 0.1995
vn 0.4203 -0.4203 0.8042
vn -0.0000 -0.9799 0.1995
vn -0.0000 -0.5944 0.8042
vn -0.6929 -0.6929 0.1994
vn -0.4203 -0.4203 0.8042
vn -0.9799 -0.0000 0.1994
vn -0.5944 -0.0000 0.8042
vn 0.6929 0.6929 0.1995
vn 0.4203 0.4203 0.8042
vn -0.0000 -0.8146 0.5801
vn 0.5760 -0.5760 0.5801
vn 0.8979 -0.0000 -0.4403
vn 0.6349 -0.6349 -0.4403
vn 0.5371 -0.5371 -0.6504
vn 0.7596 -0.0000 -0.6504
vn -0.5760 0.5760 0.5801
vn -0.8146 -0.0000 0.5801
vn 0.8146 -0.0000 0.5801
vn 0.5760 0.5760 0.5801
vn -0.5760 -0.5760 0.5801
vn -0.0000 0.8146 0.5801
vn 0.9890 -0.0000 -0.1479
vn 0.6993 0.6993 -0.1479
vn -0.6349 -0.6349 -0.4403
vn -0.8979 -0.0000 -0.4403
vn -0.7596 -0.0000 -0.6504
vn -0.5371 -0.5371 -0.6504
vn -0.0000 -0.8979 -0.4403
vn -0.0000 -0.7596 -0.6504
vn -0.6349 0.6349 -0.4403
vn -0.0000 0.8979 -0.4403
vn -0.0000 0.7596 -0.6504
vn -0.5371 0.5371 -0.6504
vn -0.0000 0.9890 -0.1479
vn 0.6349 0.6349 -0.4403
vn 0.5371 0.5371 -0.6504
vn -0.6993 0.6993 -0.1479
vn -0.9890 -0.0000 -0.1479
vn -0.6993 -0.6993 -0.1479
vn -0.0000 -0.9890 -0.1479
vn 0.6993 -0.6993 -0.1479
vn -0.0837 0.0837 -0.9930
vn -0.0000 0.1183 -0.9930
vn 0.0837 0.0837 -0.9930
vn 0.1183 -0.0000 -0.9930
vn 0.0837 -0.0837 -0.9930
vn -0.0000 -0.1183 -0.9930
vn -0.0837 -0.0837 -0.9930
vn -0.1183 -0.0000 -0.9930
vn -0.0000 0.7310 0.6824
vn 0.5169 0.5169 0.6824
vn -0.0000 0.2248 0.9744
vn 0.1590 0.1590 0.9744
vn 0.7310 -0.0000 0.6824
vn 0.2248 -0.0000 0.9744
vn 0.5169 -0.5169 0.6824
vn 0.1590 -0.1590 0.9744
vn -0.0000 -0.7310 0.6824
vn -0.0000 -0.2248 0.9744
vn -0.5169 -0.5169 0.6824
vn -0.1590 -0.1590 0.9744
vn -0.7310 -0.0000 0.6824
vn -0.2248 -0.0000 0.9744
vn -0.5169 0.5169 0.6824
vn -0.1590 0.1590 0.9744
vn 0.3113 0.3113 -0.8979
vn -0.0000 0.4403 -0.8979
vn 0.4403 -0.0000 -0.8979
vn 0.3113 -0.3113 -0.8979
vn -0.0000 -0.4403 -0.8979
vn -0.3113 -0.3113 -0.8979
vn -0.4403 -0.0000 -0.8979
vn -0.3113 0.3113 -0.8979
vn 0.6812 0.6812 -0.2683
vn -0.0000 0.9633 -0.2683
vn 0.9633 -0.0000 -0.2683
vn 0.6812 -0.6812 -0.2683
vn -0.0000 -0.9633 -0.2683
vn -0.6812 -0.6812 -0.2683
vn -0.9633 -0.0000 -0.2683
vn -0.6812 0.6812 -0.2683
vn 0.6929 0.6929 0.1994
vn -0.6929 -0.6929 0.1995
vn -0.9799 -0.0000 0.1995
vn 0.6929 -0.6929 0.1994
vn 0.9799 -0.0000 0.1994
vn -0.6929 0.6929 0.1994
vn -0.0000 0.9970 -0.0770
vn -0.0000 -0.9551 0.2963
vn -0.0000 -0.2362 -0.9717
vn -0.0000 0.2370 0.9715
vn -0.0000 -0.9970 -0.0770
vn -0.0000 0.9551 0.2963
vn -0.0000 0.2362 -0.9717
vn -0.0000 -0.2370 0.9715
vn -0.5773 -0.5774 -0.5774
vn -0.5774 -0.5773 0.5774
vn -0.5773 0.5774 0.5774
vn -0.5774 0.5774 -0.5774
vn 0.5774 0.5773 0.5774
vn 0.5773 0.5774 -0.5774
vn 0.5773 -0.5774 0.5774
vn 0.5774 -0.5774 -0.5774
vn 0.6657 -0.7319 -0.1456
vn 0.6657 -0.7319 0.1456
vn -0.6657 -0.7319 0.1456
vn -0.6657 -0.7319 -0.1456
vn 0.6657 0.1456 -0.7319
vn 0.6303 0.5490 -0.5490
vn 0.9552 -0.2092 0.2092
vn 0.9353 -0.0693 0.3470
vn 0.6657 0.1456 0.7319
vn -0.6657 0.1456 0.7319
vn -0.6657 -0.1456 0.7319
vn 0.6657 -0.1456 0.7319
vn -0.6303 0.5490 0.5490
vn -0.9552 -0.2092 -0.2092
vn -0.9353 -0.0693 -0.3470
vn -0.6657 0.7319 -0.1456
vn -0.6657 0.7319 0.1456
vn 0.6657 0.7319 0.1456
vn 0.6657 0.7319 -0.1456
vn -0.6657 0.1456 -0.7319
vn -0.6303 0.5490 -0.5490
vn 0.6303 0.5490 0.5490
vn -0.6657 -0.1456 -0.7319
vn 0.6657 -0.1456 -0.7319
vn 0.6303 -0.5490 -0.5490
vn -0.6303 -0.5490 -0.5490
vn -0.6303 -0.5490 0.5490
vn 0.6303 -0.5490 0.5490
vn 0.9353 -0.3470 0.0693
vn 0.9353 -0.3470 -0.0693
vn 0.8993 -0.4291 -0.0848
vn 0.8993 -0.4291 0.0848
vn -0.9353 0.0693 0.3470
vn -0.9552 0.2092 0.2092
vn -0.8888 0.3241 0.3241
vn -0.8993 0.0848 0.4291
vn -0.9353 0.3470 -0.0693
vn -0.9353 0.3470 0.0693
vn -0.9353 0.0693 -0.3470
vn -0.9552 0.2092 -0.2092
vn 0.9353 0.0693 0.3470
vn 0.9552 0.2092 0.2092
vn 0.9353 -0.0693 -0.3470
vn 0.9552 -0.2092 -0.2092
vn -0.9353 -0.0693 0.3470
vn -0.9552 -0.2092 0.2092
vn -0.9353 -0.3470 0.0693
vn -0.9353 -0.3470 -0.0693
vn 0.9353 0.3470 -0.0693
vn 0.9552 0.2092 -0.2092
vn 0.9353 0.3470 0.0693
vn 0.9353 0.0693 -0.3470
vn 0.8993 0.0848 0.4291
vn 0.8993 -0.0848 0.4291
vn 0.8888 -0.3241 0.3241
vn 0.8888 -0.3241 -0.3241
vn 0.8993 -0.0848 -0.4291
vn 0.8993 0.0848 -0.4291
vn 0.8888 0.3241 -0.3241
vn 0.8993 0.4291 -0.0848
vn 0.8993 0.4291 0.0848
vn 0.8888 0.3241 0.3241
vn -0.8993 -0.0848 0.4291
vn -0.8993 0.4291 0.0848
vn -0.8993 0.4291 -0.0848
vn -0.8888 0.3241 -0.3241
vn -0.8993 0.0848 -0.4291
vn -0.8993 -0.0848 -0.4291
vn -0.8888 -0.3241 -0.3241
vn -0.8993 -0.4291 -0.0848
vn -0.8993 -0.4291 0.0848
vn -0.8888 -0.3241 0.3241
vn -0.9499 0.2199 -0.2222
vn -0.9980 0.0457 -0.0435
vn -0.9944 0.0480 -0.0942
vn -0.9265 -0.3302 0.1806
vn -0.2477 -0.2589 0.9336
vn -0.2472 -0.4286 0.8690
vn 0.1384 -0.4294 0.8924
vn 0.1342 -0.2589 0.9565
vn 0.9646 -0.0105 0.2636
vn 0.9922 0.1171 -0.0436
vn 0.9163 -0.0487 -0.3974
vn 0.9600 0.0285 0.2784
vn -0.9837 0.1799 -0.0080
vn -0.9812 -0.1733 0.0844
vn -0.8870 -0.4234 -0.1843
vn -0.9878 0.1534 -0.0277
vn -0.9974 -0.0005 -0.0714
vn -0.9909 0.0720 0.1138
vn 0.2345 -0.3712 -0.8984
vn -0.1251 -0.3712 -0.9201
vn -0.1358 -0.0000 -0.9907
vn 0.2536 -0.0000 -0.9673
vn 0.9305 -0.3611 -0.0614
vn 0.9772 -0.1282 -0.1694
vn 0.9909 -0.0008 -0.1348
vn 0.9979 -0.0001 0.0647
vn 0.9967 0.0081 0.0805
vn 0.9779 -0.1213 0.1705
vn 0.9909 -0.0313 0.1309
vn 0.9514 -0.2858 0.1144
vn 0.9143 -0.3977 0.0766
vn 0.9166 -0.3988 0.0292
vn -0.0803 -0.9928 -0.0891
vn 0.0903 -0.9928 -0.0789
vn 0.0803 -0.9946 0.0652
vn -0.0875 -0.9946 0.0551
vn -0.1356 0.1914 -0.9721
vn 0.2513 0.1914 -0.9488
vn 0.2050 0.9622 -0.1794
vn -0.1820 0.9622 -0.2027
vn -0.1938 0.9810 -0.0117
vn 0.1940 0.9809 0.0116
vn 0.9541 -0.1802 -0.2391
vn 0.9664 0.1479 0.2105
vn -0.2117 0.9599 0.1838
vn 0.1882 0.9599 0.2079
vn 0.1334 -0.0258 0.9907
vn -0.2505 -0.0271 0.9677
vn -0.2447 -0.0754 0.9667
vn 0.1269 -0.0754 0.9891
vn -0.1971 -0.6896 0.6969
vn 0.1153 -0.6889 0.7156
vn -0.0542 0.3879 -0.9201
vn 0.1837 0.3834 -0.9051
vn 0.1781 0.4909 -0.8528
vn -0.0450 0.4896 -0.8708
vn -0.1124 -0.8999 0.4213
vn 0.0909 -0.8979 0.4307
vn -0.1574 0.6929 -0.7036
vn 0.2407 0.6929 -0.6797
vn 0.0771 -0.9668 0.2434
vn -0.1033 -0.9653 0.2399
vn -0.0168 -0.4696 -0.8827
vn 0.1225 -0.4696 -0.8744
vn 0.1134 -0.0862 -0.9898
vn 0.0062 -0.0862 -0.9963
vn 0.9631 -0.0495 0.2646
vn 0.9715 0.0610 -0.2291
vn 0.9562 0.0190 -0.2921
vn 0.9626 -0.0133 0.2705
vn 0.1354 0.2036 0.9696
vn 0.1688 0.6922 0.7017
vn -0.2517 0.6922 0.6764
vn -0.2507 0.2037 0.9464
vn 0.1542 -0.8765 -0.4561
vn -0.0984 -0.8764 -0.4714
vn 0.9964 0.0276 0.0805
vn 0.9954 -0.0446 0.0851
vn 0.9944 -0.0523 0.0917
vn -0.9351 -0.1797 0.3055
vn -0.9541 0.1001 -0.2822
vn -0.9992 0.0272 -0.0302
vn 0.9958 0.0268 0.0872
vn 0.9974 0.0005 0.0714
vn -0.9979 0.0001 -0.0651
vn -0.9958 -0.0268 -0.0872
vn -0.9973 -0.0086 -0.0728
vn -0.9906 -0.0144 0.1360
vn -0.9898 -0.0176 0.1414
vn -0.9901 0.0102 0.1402
vn -0.9697 0.1543 -0.1893
vn 0.9765 -0.1012 0.1903
vn 0.1344 -0.0260 0.9906
vn 0.1288 0.0011 0.9917
vn -0.2469 0.0011 0.9690
vn -0.2531 -0.0273 0.9671
vn -0.9891 -0.1111 0.0964
vn -0.0719 -0.7165 -0.6939
vn 0.1586 -0.7156 -0.6802
vn 0.1515 0.0642 -0.9864
vn -0.0342 0.0636 -0.9974
vn 0.9773 0.2117 0.0078
vn 0.9946 0.0966 0.0381
vn 0.9997 0.0137 -0.0180
vn 0.9713 -0.2309 -0.0570
vn 0.9605 0.2616 0.0950
vn -0.9881 -0.0133 0.1530
vn -0.9161 0.0168 -0.4006
vn -0.9392 0.0665 -0.3368
vn -0.9879 -0.0494 0.1470
vn 0.9911 -0.1264 -0.0411
vn 0.9677 0.0057 0.2520
vn 0.9668 0.0059 0.2553
vn 0.9983 0.0245 0.0529
vn 0.9547 0.1468 -0.2590
vn 0.9877 0.0417 -0.1505
vn 0.9823 0.1589 -0.0992
vn 0.9775 0.2103 0.0179
vn -0.9185 -0.1803 -0.3518
vn -0.9846 0.1479 0.0934
vn 0.9394 -0.1752 0.2947
vn -0.0214 -0.6354 0.7719
vn 0.9127 0.2297 -0.3380
vn -0.3171 0.7671 0.5577
vn 0.2520 0.7620 0.5965
vn 0.1932 -0.7500 0.6326
vn -0.2650 -0.7527 0.6026
vn 0.0887 -0.9279 -0.3621
vn -0.0454 -0.9269 -0.3725
vn -0.1462 -0.7189 0.6795
vn 0.0810 -0.7198 0.6894
vn -0.0617 0.6588 -0.7498
vn 0.1495 0.6625 -0.7340
vn -0.0578 0.2253 -0.9726
vn 0.1745 0.2233 -0.9590
vn -0.9629 0.1592 -0.2181
vn -0.9619 0.0421 -0.2700
vn -0.9669 0.0007 -0.2550
vn -0.9723 0.2107 -0.1015
vn -0.8613 -0.0485 -0.5058
vn -0.9866 0.0287 0.1606
vn -0.3497 0.7686 0.5357
vn 0.3705 0.7181 0.5891
vn -0.9810 0.1098 -0.1598
vn 0.2009 0.5906 -0.7816
vn -0.1225 0.5950 -0.7943
vn -0.1705 0.8143 -0.5548
vn 0.3019 0.8016 -0.5160
vn -0.9781 -0.1316 -0.1612
vn -0.1927 0.7235 -0.6629
vn 0.2775 0.6994 -0.6587
vn -0.9253 -0.1128 0.3622
vn 0.5795 -0.7403 -0.3409
vn 0.6912 -0.3042 -0.6555
vn -0.9495 -0.1262 -0.2872
vn -0.6077 -0.3042 -0.7336
vn -0.5345 -0.7402 -0.4079
vn -0.9168 -0.3591 -0.1748
vn 0.4611 -0.8860 -0.0490
vn -0.4520 -0.8860 -0.1039
vn -0.9142 -0.3965 -0.0836
vn -0.6501 0.5169 -0.5570
vn -0.6449 0.1414 -0.7511
vn 0.7303 0.1414 -0.6684
vn 0.7122 0.5169 -0.4750
vn -0.6791 0.7110 -0.1826
vn 0.6961 0.7110 -0.0998
vn 0.6663 0.5050 0.5487
vn 0.6431 0.1382 0.7532
vn -0.7288 0.1384 0.6706
vn -0.7273 0.5048 0.4650
vn 0.6884 0.7029 0.1790
vn -0.7049 0.7029 0.0951
vn -0.7323 -0.1858 0.6552
vn -0.7293 -0.0536 0.6821
vn 0.6421 -0.0536 0.7647
vn 0.6483 -0.1859 0.7383
vn -0.7408 -0.3055 0.5982
vn 0.6513 -0.3131 0.6912
vn 0.6396 -0.7285 0.2453
vn 0.4493 -0.8896 0.0820
vn -0.9177 -0.3956 -0.0363
vn -0.4560 -0.8896 0.0275
vn -0.3860 -0.9037 0.1854
vn -0.8918 -0.4517 0.0248
vn 0.6822 -0.6417 0.3504
vn -0.4046 -0.8404 0.3605
vn -0.8827 -0.4552 0.1165
vn 0.7482 -0.0000 -0.6634
vn -0.6633 -0.0000 -0.7484
vn -0.7046 0.7083 -0.0425
vn 0.7047 0.7083 0.0423
vn 0.6590 -0.0174 0.7520
vn 0.6623 -0.0157 0.7491
vn -0.7466 -0.0203 0.6650
vn -0.7450 -0.0220 0.6667
vn 0.6523 0.0001 0.7580
vn -0.7386 0.0004 0.6741
vn -0.6263 -0.5823 0.5184
vn 0.6229 -0.5307 0.5747
vn 0.6057 0.4835 -0.6319
vn 0.8336 0.4505 0.3196
vn -0.7376 -0.6241 0.2578
vn -0.3810 -0.8557 -0.3501
vn 0.4341 -0.8541 -0.2864
vn 0.4655 -0.4220 -0.7780
vn 0.7202 -0.5902 0.3646
vn -0.3688 -0.4220 -0.8282
vn -0.2689 -0.0746 -0.9603
vn 0.3821 -0.0746 -0.9211
vn -0.8523 0.4888 0.1861
vn -0.5047 0.4829 -0.7156
vn 0.5382 0.0482 -0.8415
vn 0.6035 0.1719 -0.7786
vn 0.6602 0.2929 -0.6917
vn -0.5091 0.1786 -0.8420
vn -0.4388 0.0454 -0.8974
vn -0.4835 0.3347 -0.8088
vn 0.6293 -0.5923 0.5032
vn 0.6616 -0.5681 -0.4895
vn -0.5849 -0.5807 -0.5662
vn -0.5968 -0.6104 0.5208
vn -0.8812 0.3302 0.3382
vn -0.4538 0.4514 -0.7683
vn 0.7005 0.3874 -0.5994
vn 0.9217 0.1602 0.3532
vn 0.7928 0.4133 -0.4479
vn -0.6524 0.6007 -0.4621
vn 0.6497 0.6488 -0.3962
vn -0.6583 0.5972 -0.4583
vn -0.6129 0.7205 -0.3243
vn -0.6989 0.4872 -0.5236
vn -0.3363 -0.8599 -0.3840
vn 0.9967 0.0495 0.0637
vn 0.1801 0.9274 -0.3280
vn 0.9914 -0.1136 -0.0648
vn 0.2477 -0.2589 -0.9336
vn 0.2645 -0.4263 -0.8650
vn -0.1624 -0.4271 -0.8895
vn -0.1342 -0.2589 -0.9565
vn -0.9706 0.0080 -0.2405
vn -0.9866 0.1522 0.0587
vn -0.9224 -0.0478 0.3832
vn -0.9539 0.0289 -0.2986
vn 0.9870 0.1571 0.0329
vn 0.9005 -0.4330 -0.0397
vn 0.9574 -0.2210 0.1858
vn 0.9669 0.2541 0.0217
vn 0.9981 0.0196 0.0585
vn 0.9533 0.0901 -0.2883
vn -0.2345 -0.3712 0.8984
vn 0.1251 -0.3712 0.9201
vn 0.1358 -0.0000 0.9907
vn -0.2536 -0.0000 0.9673
vn -0.9311 -0.3594 0.0630
vn -0.9772 -0.1264 0.1707
vn -0.9906 0.0007 0.1368
vn -0.9975 -0.0003 -0.0702
vn -0.9985 0.0159 -0.0524
vn -0.8707 -0.3767 -0.3162
vn -0.8202 0.5523 0.1490
vn -0.8980 0.4274 -0.1047
vn -0.9199 -0.3731 -0.1205
vn -0.9175 -0.3969 -0.0274
vn 0.0803 -0.9928 0.0891
vn -0.0903 -0.9928 0.0789
vn -0.0803 -0.9946 -0.0652
vn 0.0875 -0.9946 -0.0551
vn 0.1356 0.1914 0.9721
vn -0.2513 0.1914 0.9488
vn -0.2050 0.9622 0.1794
vn 0.1820 0.9622 0.2027
vn 0.1955 0.9806 0.0119
vn -0.1954 0.9807 -0.0118
vn -0.9561 -0.1734 0.2364
vn -0.9662 0.1480 -0.2111
vn 0.2105 0.9601 -0.1839
vn -0.1867 0.9602 -0.2076
vn -0.1394 -0.0268 -0.9899
vn 0.2556 -0.0262 -0.9664
vn 0.2396 -0.0760 -0.9679
vn -0.1229 -0.0748 -0.9896
vn 0.1924 -0.6881 -0.6996
vn -0.0884 -0.6900 -0.7184
vn 0.1031 0.3822 0.9183
vn -0.2361 0.3877 0.8910
vn -0.1032 0.4914 0.8648
vn -0.0232 0.4933 0.8695
vn 0.0899 -0.9030 -0.4200
vn -0.1018 -0.8971 -0.4300
vn 0.1574 0.6929 0.7036
vn -0.2407 0.6929 0.6797
vn -0.0771 -0.9668 -0.2434
vn 0.1284 -0.9599 -0.2493
vn 0.0180 -0.4701 0.8824
vn -0.1279 -0.4659 0.8756
vn -0.1196 -0.0859 0.9891
vn 0.0007 -0.0865 0.9963
vn -0.9629 -0.0493 -0.2652
vn -0.9632 0.0627 0.2613
vn -0.9577 0.0193 0.2872
vn -0.9605 -0.0122 -0.2780
vn -0.1251 0.2034 -0.9711
vn -0.1683 0.6924 -0.7016
vn 0.2517 0.6922 -0.6764
vn 0.2413 0.2032 -0.9490
vn -0.1542 -0.8764 0.4561
vn 0.0984 -0.8764 0.4714
vn -0.9918 0.0219 -0.1255
vn 0.5420 0.5303 0.6519
vn 0.4691 0.1568 -0.8691
vn 0.9989 0.0180 0.0436
vn 0.9471 0.1172 0.2987
vn 0.7515 -0.3079 -0.5836
vn -0.9955 0.0413 -0.0856
vn -0.9973 -0.0106 -0.0724
vn 0.9976 0.0007 0.0698
vn 0.9953 -0.0405 0.0878
vn 0.9983 -0.0167 0.0567
vn 0.9915 -0.0020 -0.1300
vn 0.9898 -0.0026 -0.1424
vn 0.9925 0.0017 -0.1223
vn 0.9714 0.1120 0.2095
vn -0.9773 -0.1189 -0.1755
vn -0.1344 -0.0260 -0.9906
vn -0.1414 0.0006 -0.9900
vn 0.2595 0.0015 -0.9657
vn 0.2531 -0.0273 -0.9671
vn 0.9904 -0.1234 -0.0614
vn 0.0749 -0.7103 0.6999
vn -0.1694 -0.7120 0.6814
vn -0.1588 0.0650 0.9852
vn 0.0362 0.0649 0.9972
vn -0.9709 0.2378 -0.0262
vn -0.9641 0.2573 -0.0661
vn -0.9972 -0.0406 0.0624
vn -0.9088 -0.4156 0.0353
vn -0.9807 0.1653 -0.1041
vn 0.9872 -0.0139 -0.1587
vn 0.9211 0.0190 0.3888
vn 0.9411 0.0656 0.3317
vn 0.9879 -0.0494 -0.1470
vn -0.9925 -0.1100 0.0530
vn -0.9687 -0.0080 -0.2482
vn -0.9664 -0.0088 -0.2569
vn -0.9051 -0.1781 -0.3862
vn -0.9982 0.0323 0.0510
vn -0.9874 0.0420 0.1523
vn -0.9821 0.1591 0.1010
vn -0.9774 0.2107 -0.0160
vn 0.9242 -0.1752 0.3394
vn 0.9845 0.1479 -0.0940
vn 0.0316 -0.8168 0.5761
vn 0.0814 -0.6994 -0.7101
vn -0.6745 0.3909 0.6263
vn 0.3171 0.7671 -0.5577
vn -0.2601 0.7586 -0.5974
vn -0.1714 -0.7548 -0.6331
vn 0.2389 -0.7585 -0.6063
vn -0.0995 -0.9273 0.3610
vn 0.0527 -0.9247 0.3770
vn 0.1486 -0.7236 -0.6741
vn -0.0775 -0.7235 -0.6860
vn 0.0488 0.6596 0.7500
vn -0.1298 0.6632 0.7371
vn 0.0578 0.2253 0.9726
vn -0.1715 0.2227 0.9597
vn 0.9633 0.1588 0.2166
vn 0.9626 0.0417 0.2678
vn 0.9676 -0.0006 0.2525
vn 0.9725 0.2104 0.0996
vn 0.8701 -0.0487 0.4905
vn 0.9825 0.0281 -0.1840
vn 0.2964 0.7758 -0.5570
vn -0.3416 0.7207 -0.6033
vn -0.5076 0.3059 0.8055
vn -0.1621 0.5918 0.7896
vn 0.0787 0.5889 0.8043
vn 0.1681 0.8150 0.5546
vn -0.3004 0.8018 0.5166
vn 0.9788 -0.1083 0.1740
vn 0.1855 0.7122 0.6770
vn -0.2733 0.6986 0.6612
vn 0.2478 -0.5711 -0.7826
vn -0.5795 -0.7403 0.3409
vn -0.6912 -0.3042 0.6555
vn 0.9499 -0.1280 0.2852
vn 0.6077 -0.3042 0.7336
vn 0.5345 -0.7402 0.4079
vn 0.9165 -0.3609 0.1724
vn -0.4611 -0.8860 0.0490
vn 0.4520 -0.8860 0.1039
vn 0.9130 -0.3996 0.0823
vn 0.6501 0.5169 0.5570
vn 0.6449 0.1414 0.7511
vn -0.7303 0.1414 0.6684
vn -0.7122 0.5169 0.4750
vn 0.6791 0.7110 0.1826
vn -0.6961 0.7110 0.0998
vn -0.6663 0.5050 -0.5487
vn -0.6257 0.1388 -0.7676
vn 0.7131 0.1381 -0.6873
vn 0.7273 0.5048 -0.4650
vn -0.6863 0.7050 -0.1788
vn 0.7029 0.7048 -0.0956
vn 0.7323 -0.1858 -0.6552
vn 0.7227 -0.0547 -0.6890
vn -0.6347 -0.0521 -0.7710
vn -0.6483 -0.1859 -0.7383
vn 0.7561 -0.2972 -0.5830
vn -0.6916 -0.2941 -0.6596
vn -0.4543 -0.8298 -0.3241
vn -0.4493 -0.8896 -0.0820
vn 0.9170 -0.3974 0.0334
vn 0.4560 -0.8896 -0.0275
vn 0.5914 -0.7835 -0.1904
vn 0.9415 -0.3368 0.0134
vn -0.9638 -0.2554 -0.0767
vn 0.2263 -0.8988 -0.3754
vn 0.9643 -0.0861 0.2505
vn -0.7482 -0.0000 0.6634
vn 0.6633 -0.0000 0.7484
vn 0.7067 0.7062 0.0428
vn -0.7067 0.7063 -0.0426
vn -0.6590 -0.0174 -0.7520
vn -0.6706 -0.0176 -0.7416
vn 0.7540 -0.0184 -0.6566
vn 0.7450 -0.0220 -0.6667
vn -0.6715 -0.0007 -0.7410
vn 0.7556 0.0012 -0.6550
vn 0.6744 -0.5386 -0.5050
vn -0.4888 -0.6044 -0.6292
vn -0.5166 0.5203 0.6800
vn -0.8587 0.3962 -0.3250
vn 0.6269 -0.7263 -0.2818
vn 0.4372 -0.8195 0.3705
vn -0.4500 -0.8468 0.2837
vn -0.4796 -0.4097 0.7759
vn -0.6818 -0.6323 -0.3679
vn 0.3826 -0.4229 0.8215
vn 0.3066 -0.0762 0.9488
vn -0.4171 -0.0740 0.9059
vn 0.8384 0.5113 -0.1885
vn 0.4651 0.4706 0.7498
vn -0.5567 0.0500 0.8292
vn -0.5904 0.1705 0.7889
vn -0.7146 0.2913 0.6360
vn 0.5202 0.1754 0.8358
vn 0.4587 0.0481 0.8873
vn 0.6207 0.2819 0.7316
vn -0.5140 -0.6544 -0.5545
vn -0.6797 -0.5128 0.5244
vn 0.5954 -0.5078 0.6225
vn 0.6002 -0.6803 -0.4207
vn 0.7844 0.3500 -0.5121
vn 0.2405 0.4920 0.8367
vn -0.7929 0.3433 0.5035
vn -0.9565 0.1566 -0.2462
vn -0.7744 0.4175 0.4753
vn -0.6239 -0.6195 -0.4765
vn -0.9581 0.2584 0.1236
vn 0.6682 0.6025 0.4365
vn 0.7195 0.5937 0.3604
vn 0.7096 0.5824 0.3965
vn 0.3351 0.8598 -0.3853
vn -0.9967 -0.0495 0.0637
vn -0.1804 -0.9270 -0.3289
vn -0.9914 0.1136 -0.0648
vn -0.2477 0.2589 -0.9336
vn -0.2645 0.4263 -0.8650
vn 0.1624 0.4271 -0.8895
vn 0.1342 0.2589 -0.9565
vn 0.9706 -0.0080 -0.2405
vn 0.9866 -0.1522 0.0587
vn 0.9224 0.0478 0.3832
vn 0.9539 -0.0289 -0.2986
vn -0.9870 -0.1571 0.0329
vn -0.9005 0.4330 -0.0397
vn -0.9574 0.2210 0.1858
vn -0.9669 -0.2541 0.0217
vn -0.9981 -0.0196 0.0585
vn -0.9533 -0.0901 -0.2883
vn 0.2345 0.3712 0.8984
vn -0.1251 0.3712 0.9201
vn -0.1358 -0.0000 0.9907
vn 0.2536 -0.0000 0.9673
vn 0.9311 0.3594 0.0630
vn 0.9772 0.1264 0.1707
vn 0.9906 -0.0007 0.1368
vn 0.9975 0.0003 -0.0702
vn 0.9985 -0.0159 -0.0524
vn 0.8707 0.3767 -0.3162
vn 0.8202 -0.5523 0.1490
vn 0.8980 -0.4274 -0.1046
vn 0.9199 0.3731 -0.1205
vn 0.9175 0.3969 -0.0274
vn -0.0803 0.9928 0.0891
vn 0.0903 0.9928 0.0789
vn 0.0803 0.9946 -0.0652
vn -0.0875 0.9946 -0.0551
vn -0.1356 -0.1914 0.9721
vn 0.2513 -0.1914 0.9488
vn 0.2050 -0.9622 0.1794
vn -0.1820 -0.9622 0.2027
vn -0.1955 -0.9806 0.0119
vn 0.1954 -0.9807 -0.0118
vn 0.9561 0.1735 0.2364
vn 0.9662 -0.1480 -0.2111
vn -0.2105 -0.9601 -0.1839
vn 0.1868 -0.9602 -0.2076
vn 0.1394 0.0268 -0.9899
vn -0.2556 0.0262 -0.9664
vn -0.2396 0.0760 -0.9679
vn 0.1229 0.0748 -0.9896
vn -0.1924 0.6881 -0.6996
vn 0.0884 0.6900 -0.7184
vn -0.1031 -0.3822 0.9183
vn 0.2361 -0.3877 0.8910
vn 0.1031 -0.4914 0.8648
vn 0.0232 -0.4933 0.8695
vn -0.0899 0.9030 -0.4200
vn 0.1018 0.8971 -0.4300
vn -0.1574 -0.6929 0.7036
vn 0.2407 -0.6929 0.6797
vn 0.0771 0.9668 -0.2434
vn -0.1284 0.9599 -0.2493
vn -0.0180 0.4701 0.8824
vn 0.1279 0.4659 0.8756
vn 0.1196 0.0859 0.9891
vn -0.0006 0.0865 0.9963
vn 0.9629 0.0493 -0.2652
vn 0.9632 -0.0627 0.2613
vn 0.9577 -0.0193 0.2872
vn 0.9605 0.0122 -0.2780
vn 0.1251 -0.2034 -0.9711
vn 0.1683 -0.6924 -0.7016
vn -0.2517 -0.6922 -0.6764
vn -0.2413 -0.2032 -0.9490
vn 0.1542 0.8764 0.4561
vn -0.0984 0.8764 0.4714
vn 0.9918 -0.0219 -0.1255
vn -0.5420 -0.5303 0.6520
vn -0.4692 -0.1567 -0.8691
vn -0.9989 -0.0180 0.0436
vn -0.9471 -0.1172 0.2987
vn -0.7515 0.3079 -0.5836
vn 0.9955 -0.0413 -0.0856
vn 0.9973 0.0106 -0.0724
vn -0.9976 -0.0007 0.0698
vn -0.9953 0.0405 0.0878
vn -0.9983 0.0167 0.0567
vn -0.9915 0.0020 -0.1300
vn -0.9898 0.0025 -0.1424
vn -0.9925 -0.0017 -0.1223
vn -0.9714 -0.1120 0.2095
vn 0.9773 0.1189 -0.1755
vn 0.1344 0.0260 -0.9906
vn 0.1414 -0.0006 -0.9900
vn -0.2595 -0.0015 -0.9657
vn -0.2531 0.0273 -0.9671
vn -0.9904 0.1234 -0.0614
vn -0.0749 0.7103 0.6999
vn 0.1694 0.7120 0.6814
vn 0.1588 -0.0650 0.9852
vn -0.0362 -0.0649 0.9972
vn 0.9709 -0.2378 -0.0262
vn 0.9641 -0.2573 -0.0661
vn 0.9972 0.0406 0.0624
vn 0.9088 0.4156 0.0353
vn 0.9807 -0.1653 -0.1041
vn -0.9872 0.0139 -0.1587
vn -0.9211 -0.0190 0.3888
vn -0.9411 -0.0656 0.3317
vn -0.9879 0.0494 -0.1470
vn 0.9925 0.1100 0.0530
vn 0.9687 0.0080 -0.2482
vn 0.9664 0.0088 -0.2569
vn 0.9051 0.1781 -0.3862
vn 0.9982 -0.0323 0.0510
vn 0.9874 -0.0420 0.1523
vn 0.9821 -0.1591 0.1010
vn 0.9774 -0.2107 -0.0160
vn -0.9242 0.1752 0.3394
vn -0.9845 -0.1479 -0.0940
vn -0.0304 0.8163 0.5768
vn -0.0814 0.6994 -0.7101
vn 0.6745 -0.3909 0.6263
vn -0.3171 -0.7671 -0.5577
vn 0.2601 -0.7586 -0.5974
vn 0.1714 0.7548 -0.6332
vn -0.2389 0.7585 -0.6063
vn 0.0995 0.9273 0.3610
vn -0.0527 0.9247 0.3770
vn -0.1486 0.7236 -0.6741
vn 0.0775 0.7235 -0.6860
vn -0.0488 -0.6596 0.7500
vn 0.1298 -0.6632 0.7371
vn -0.0578 -0.2253 0.9726
vn 0.1714 -0.2227 0.9597
vn -0.9633 -0.1588 0.2166
vn -0.9626 -0.0417 0.2678
vn -0.9676 0.0006 0.2525
vn -0.9725 -0.2104 0.0996
vn -0.8701 0.0487 0.4905
vn -0.9825 -0.0281 -0.1840
vn -0.2964 -0.7758 -0.5570
vn 0.3416 -0.7207 -0.6033
vn 0.5075 -0.3059 0.8055
vn 0.1621 -0.5918 0.7896
vn -0.0787 -0.5889 0.8043
vn -0.1681 -0.8150 0.5546
vn 0.3004 -0.8018 0.5166
vn -0.9788 0.1083 0.1740
vn -0.1855 -0.7122 0.6770
vn 0.2734 -0.6987 0.6612
vn -0.2478 0.5711 -0.7826
vn 0.5795 0.7403 0.3409
vn 0.6912 0.3042 0.6555
vn -0.9499 0.1280 0.2852
vn -0.6077 0.3042 0.7336
vn -0.5345 0.7402 0.4079
vn -0.9165 0.3609 0.1724
vn 0.4611 0.8860 0.0490
vn -0.4520 0.8860 0.1039
vn -0.9130 0.3996 0.0823
vn -0.6501 -0.5169 0.5570
vn -0.6448 -0.1414 0.7511
vn 0.7303 -0.1414 0.6684
vn 0.7122 -0.5169 0.4750
vn -0.6791 -0.7110 0.1826
vn 0.6961 -0.7110 0.0998
vn 0.6663 -0.5050 -0.5487
vn 0.6257 -0.1388 -0.7676
vn -0.7131 -0.1381 -0.6873
vn -0.7273 -0.5048 -0.4650
vn 0.6863 -0.7050 -0.1788
vn -0.7029 -0.7048 -0.0956
vn -0.7323 0.1858 -0.6552
vn -0.7227 0.0547 -0.6890
vn 0.6347 0.0521 -0.7710
vn 0.6483 0.1859 -0.7383
vn -0.7561 0.2972 -0.5830
vn 0.6916 0.2941 -0.6596
vn 0.4543 0.8298 -0.3241
vn 0.4493 0.8896 -0.0820
vn -0.9170 0.3974 0.0334
vn -0.4560 0.8896 -0.0275
vn -0.5914 0.7835 -0.1904
vn -0.9415 0.3368 0.0134
vn 0.9638 0.2554 -0.0767
vn -0.2263 0.8988 -0.3754
vn -0.9643 0.0861 0.2505
vn 0.7482 -0.0000 0.6634
vn -0.6633 -0.0000 0.7484
vn -0.7067 -0.7062 0.0428
vn 0.7067 -0.7062 -0.0426
vn 0.6590 0.0174 -0.7520
vn 0.6706 0.0176 -0.7416
vn -0.7540 0.0184 -0.6566
vn -0.7450 0.0220 -0.6667
vn 0.6715 0.0007 -0.7410
vn -0.7556 -0.0012 -0.6550
vn -0.6744 0.5386 -0.5050
vn 0.4888 0.6044 -0.6292
vn 0.5166 -0.5203 0.6800
vn 0.8587 -0.3962 -0.3250
vn -0.6269 0.7263 -0.2818
vn -0.4372 0.8195 0.3705
vn 0.4500 0.8468 0.2837
vn 0.4796 0.4097 0.7759
vn 0.6818 0.6323 -0.3680
vn -0.3826 0.4229 0.8215
vn -0.3067 0.0762 0.9488
vn 0.4171 0.0740 0.9059
vn -0.8384 -0.5113 -0.1885
vn -0.4651 -0.4706 0.7498
vn 0.5567 -0.0500 0.8292
vn 0.5904 -0.1706 0.7889
vn 0.7146 -0.2913 0.6360
vn -0.5202 -0.1754 0.8358
vn -0.4587 -0.0481 0.8873
vn -0.6207 -0.2819 0.7316
vn 0.5141 0.6544 -0.5545
vn 0.6797 0.5128 0.5244
vn -0.5954 0.5078 0.6225
vn -0.6002 0.6803 -0.4207
vn -0.7844 -0.3500 -0.5122
vn -0.2405 -0.4920 0.8367
vn 0.7929 -0.3433 0.5035
vn 0.9565 -0.1566 -0.2462
vn 0.7744 -0.4175 0.4754
vn 0.6239 0.6195 -0.4765
vn 0.9581 -0.2584 0.1236
vn -0.6682 -0.6025 0.4365
vn -0.7195 -0.5937 0.3604
vn -0.7096 -0.5824 0.3965
vn 0.9502 -0.2189 -0.2219
vn 0.9980 -0.0457 -0.0435
vn 0.9944 -0.0480 -0.0942
vn 0.9265 0.3302 0.1806
vn 0.2477 0.2589 0.9336
vn 0.2472 0.4286 0.8690
vn -0.1384 0.4294 0.8924
vn -0.1342 0.2589 0.9565
vn -0.9646 0.0105 0.2636
vn -0.9922 -0.1171 -0.0436
vn -0.9163 0.0487 -0.3974
vn -0.9600 -0.0285 0.2784
vn 0.9837 -0.1799 -0.0080
vn 0.9812 0.1733 0.0844
vn 0.8870 0.4234 -0.1843
vn 0.9878 -0.1534 -0.0277
vn 0.9974 0.0005 -0.0714
vn 0.9909 -0.0720 0.1138
vn -0.2345 0.3712 -0.8984
vn 0.1251 0.3712 -0.9201
vn 0.1358 -0.0000 -0.9907
vn -0.2536 -0.0000 -0.9673
vn -0.9305 0.3611 -0.0614
vn -0.9772 0.1282 -0.1694
vn -0.9909 0.0008 -0.1348
vn -0.9979 0.0001 0.0647
vn -0.9967 -0.0081 0.0805
vn -0.9779 0.1213 0.1705
vn -0.9909 0.0313 0.1309
vn -0.9514 0.2858 0.1144
vn -0.9143 0.3977 0.0766
vn -0.9166 0.3988 0.0292
vn 0.0803 0.9928 -0.0891
vn -0.0903 0.9928 -0.0789
vn -0.0803 0.9946 0.0652
vn 0.0875 0.9946 0.0551
vn 0.1356 -0.1914 -0.9721
vn -0.2513 -0.1914 -0.9488
vn -0.2050 -0.9622 -0.1794
vn 0.1820 -0.9622 -0.2027
vn 0.1938 -0.9810 -0.0117
vn -0.1940 -0.9809 0.0116
vn -0.9541 0.1802 -0.2391
vn -0.9664 -0.1479 0.2105
vn 0.2117 -0.9599 0.1838
vn -0.1882 -0.9599 0.2079
vn -0.1334 0.0258 0.9907
vn 0.2505 0.0271 0.9677
vn 0.2447 0.0754 0.9667
vn -0.1269 0.0754 0.9891
vn 0.1971 0.6896 0.6969
vn -0.1153 0.6889 0.7156
vn 0.0542 -0.3879 -0.9201
vn -0.1837 -0.3834 -0.9051
vn -0.1781 -0.4909 -0.8528
vn 0.0450 -0.4896 -0.8708
vn 0.1124 0.8999 0.4213
vn -0.0909 0.8979 0.4307
vn 0.1574 -0.6929 -0.7036
vn -0.2407 -0.6929 -0.6797
vn -0.0771 0.9668 0.2434
vn 0.1033 0.9653 0.2399
vn 0.0168 0.4696 -0.8827
vn -0.1225 0.4696 -0.8744
vn -0.1134 0.0862 -0.9898
vn -0.0061 0.0862 -0.9963
vn -0.9631 0.0495 0.2646
vn -0.9715 -0.0610 -0.2291
vn -0.9562 -0.0190 -0.2921
vn -0.9626 0.0133 0.2705
vn -0.1354 -0.2036 0.9696
vn -0.1688 -0.6922 0.7017
vn 0.2517 -0.6922 0.6764
vn 0.2507 -0.2037 0.9464
vn -0.1542 0.8764 -0.4561
vn 0.0984 0.8764 -0.4714
vn -0.9964 -0.0276 0.0805
vn -0.9954 0.0446 0.0851
vn -0.9944 0.0523 0.0917
vn 0.9351 0.1797 0.3055
vn 0.9541 -0.1001 -0.2822
vn 0.9992 -0.0272 -0.0302
vn -0.9958 -0.0268 0.0872
vn -0.9974 -0.0005 0.0714
vn 0.9979 -0.0001 -0.0651
vn 0.9958 0.0268 -0.0872
vn 0.9973 0.0086 -0.0728
vn 0.9906 0.0144 0.1360
vn 0.9898 0.0176 0.1414
vn 0.9901 -0.0102 0.1402
vn 0.9697 -0.1543 -0.1893
vn -0.9765 0.1012 0.1903
vn -0.1344 0.0260 0.9906
vn -0.1288 -0.0011 0.9917
vn 0.2469 -0.0011 0.9690
vn 0.2531 0.0273 0.9671
vn 0.9891 0.1111 0.0964
vn 0.0719 0.7165 -0.6939
vn -0.1586 0.7156 -0.6802
vn -0.1515 -0.0642 -0.9864
vn 0.0342 -0.0636 -0.9974
vn -0.9773 -0.2117 0.0078
vn -0.9946 -0.0966 0.0381
vn -0.9997 -0.0137 -0.0180
vn -0.9713 0.2309 -0.0570
vn -0.9605 -0.2616 0.0950
vn 0.9881 0.0133 0.1530
vn 0.9161 -0.0168 -0.4006
vn 0.9392 -0.0665 -0.3368
vn 0.9879 0.0494 0.1470
vn -0.9911 0.1264 -0.0411
vn -0.9677 -0.0057 0.2520
vn -0.9668 -0.0059 0.2553
vn -0.9983 -0.0245 0.0529
vn -0.9546 -0.1468 -0.2590
vn -0.9877 -0.0417 -0.1505
vn -0.9823 -0.1589 -0.0992
vn -0.9775 -0.2103 0.0179
vn 0.9185 0.1803 -0.3518
vn 0.9846 -0.1479 0.0934
vn -0.9392 0.1755 0.2952
vn 0.0214 0.6354 0.7719
vn -0.9127 -0.2297 -0.3380
vn 0.3171 -0.7671 0.5577
vn -0.2520 -0.7620 0.5965
vn -0.1932 0.7500 0.6326
vn 0.2650 0.7527 0.6026
vn -0.0887 0.9279 -0.3621
vn 0.0454 0.9269 -0.3725
vn 0.1462 0.7189 0.6795
vn -0.0810 0.7198 0.6894
vn 0.0617 -0.6588 -0.7498
vn -0.1495 -0.6625 -0.7340
vn 0.0578 -0.2253 -0.9726
vn -0.1745 -0.2233 -0.9590
vn 0.9629 -0.1592 -0.2181
vn 0.9619 -0.0421 -0.2700
vn 0.9669 -0.0007 -0.2550
vn 0.9723 -0.2107 -0.1015
vn 0.8613 0.0485 -0.5058
vn 0.9866 -0.0287 0.1606
vn 0.3497 -0.7686 0.5357
vn -0.3705 -0.7181 0.5891
vn 0.9810 -0.1098 -0.1598
vn -0.2009 -0.5906 -0.7816
vn 0.1225 -0.5950 -0.7943
vn 0.1705 -0.8143 -0.5548
vn -0.3019 -0.8016 -0.5160
vn 0.9781 0.1316 -0.1612
vn 0.1927 -0.7235 -0.6629
vn -0.2775 -0.6994 -0.6587
vn 0.9253 0.1128 0.3621
vn -0.5795 0.7403 -0.3409
vn -0.6912 0.3042 -0.6555
vn 0.9495 0.1262 -0.2872
vn 0.6077 0.3042 -0.7336
vn 0.5345 0.7402 -0.4079
vn 0.9168 0.3591 -0.1748
vn -0.4611 0.8860 -0.0490
vn 0.4520 0.8860 -0.1039
vn 0.9142 0.3965 -0.0836
vn 0.6501 -0.5169 -0.5570
vn 0.6448 -0.1414 -0.7511
vn -0.7303 -0.1414 -0.6684
vn -0.7122 -0.5169 -0.4750
vn 0.6791 -0.7110 -0.1826
vn -0.6961 -0.7110 -0.0998
vn -0.6663 -0.5050 0.5487
vn -0.6431 -0.1382 0.7532
vn 0.7288 -0.1384 0.6706
vn 0.7273 -0.5048 0.4650
vn -0.6884 -0.7029 0.1790
vn 0.7049 -0.7029 0.0951
vn 0.7323 0.1858 0.6552
vn 0.7293 0.0536 0.6821
vn -0.6421 0.0536 0.7647
vn -0.6483 0.1859 0.7383
vn 0.7408 0.3055 0.5982
vn -0.6513 0.3131 0.6912
vn -0.6396 0.7285 0.2453
vn -0.4493 0.8896 0.0820
vn 0.9177 0.3956 -0.0363
vn 0.4560 0.8896 0.0275
vn 0.3860 0.9037 0.1854
vn 0.8918 0.4517 0.0248
vn -0.6822 0.6417 0.3504
vn 0.4046 0.8404 0.3605
vn 0.8827 0.4552 0.1165
vn -0.7482 -0.0000 -0.6634
vn 0.6633 -0.0000 -0.7484
vn 0.7046 -0.7083 -0.0425
vn -0.7047 -0.7083 0.0423
vn -0.6589 0.0174 0.7520
vn -0.6623 0.0157 0.7491
vn 0.7466 0.0203 0.6650
vn 0.7450 0.0220 0.6667
vn -0.6523 -0.0001 0.7580
vn 0.7386 -0.0004 0.6741
vn 0.6263 0.5823 0.5184
vn -0.6229 0.5307 0.5747
vn -0.6057 -0.4835 -0.6319
vn -0.8336 -0.4505 0.3196
vn 0.7376 0.6241 0.2578
vn 0.3810 0.8557 -0.3501
vn -0.4341 0.8541 -0.2864
vn -0.4655 0.4220 -0.7780
vn -0.7202 0.5902 0.3646
vn 0.3688 0.4220 -0.8282
vn 0.2689 0.0746 -0.9603
vn -0.3821 0.0746 -0.9211
vn 0.8523 -0.4888 0.1861
vn 0.5047 -0.4829 -0.7156
vn -0.5382 -0.0482 -0.8415
vn -0.6035 -0.1719 -0.7786
vn -0.6602 -0.2929 -0.6917
vn 0.5091 -0.1786 -0.8420
vn 0.4388 -0.0454 -0.8974
vn 0.4835 -0.3347 -0.8088
vn -0.6293 0.5923 0.5032
vn -0.6616 0.5681 -0.4895
vn 0.5849 0.5807 -0.5662
vn 0.5968 0.6104 0.5208
vn 0.8812 -0.3302 0.3382
vn 0.4538 -0.4514 -0.7683
vn -0.7005 -0.3874 -0.5994
vn -0.9217 -0.1602 0.3532
vn -0.7928 -0.4133 -0.4479
vn 0.6524 -0.6007 -0.4621
vn -0.6497 -0.6488 -0.3962
vn 0.6583 -0.5972 -0.4583
vn 0.6129 -0.7206 -0.3243
vn 0.6989 -0.4872 -0.5236
vt 0.462795 0.853445
vt 0.441093 0.853445
vt 0.930955 0.830192
vt 0.375000 0.000000
vt 0.625000 0.000000
vt 0.625000 0.250000
vt 0.375000 0.250000
vt 0.949557 0.845694
vt 0.375000 0.500000
vt 0.625000 0.500000
vt 0.625000 0.750000
vt 0.375000 0.750000
vt 0.625000 1.000000
vt 0.375000 1.000000
vt 0.125000 0.500000
vt 0.125000 0.750000
vt 0.875000 0.500000
vt 0.875000 0.750000
vt 0.929404 0.841043
vt 0.924754 0.827091
vt 0.422707 0.872047
s 0
usemtl Material.001
f 145/1/1 29/1/1 91/1/1
f 145/1/1 91/1/1 191/1/1
f 201/1/2 166/1/2 116/1/2
f 201/1/2 116/1/2 139/1/2
f 86/1/3 63/1/3 167/1/3
f 86/1/3 167/1/3 194/1/3
f 6/1/4 118/1/4 172/1/4
f 6/1/4 172/1/4 60/1/4
f 39/1/5 12/1/5 58/1/5
f 39/1/5 58/1/5 85/1/5
s 1
f 3/1/6 15/1/6 17/1/6
f 3/1/6 17/1/6 24/1/6
f 7/1/7 20/1/7 18/1/7
f 7/1/7 18/1/7 16/1/7
f 9/1/8 26/1/8 19/1/8
f 9/1/8 19/1/8 22/1/8
f 30/1/9 43/1/9 45/1/9
f 30/1/9 45/1/9 51/1/9
f 34/1/10 47/1/10 44/1/10
f 34/1/10 44/1/10 42/1/10
f 36/1/11 53/1/11 46/1/11
f 36/1/11 46/1/11 49/1/11
f 55/1/12 69/1/12 73/1/12
f 55/1/12 73/1/12 80/1/12
f 61/1/13 77/1/13 72/1/13
f 61/1/13 72/1/13 67/1/13
f 65/1/14 78/1/14 71/1/14
f 65/1/14 71/1/14 76/1/14
f 82/1/15 96/1/15 100/1/15
f 82/1/15 100/1/15 107/1/15
f 88/1/16 103/1/16 98/1/16
f 88/1/16 98/1/16 94/1/16
f 92/1/17 105/1/17 99/1/17
f 92/1/17 99/1/17 104/1/17
f 111/1/18 121/1/18 125/1/18
f 111/1/18 125/1/18 134/1/18
f 113/1/19 130/1/19 127/1/19
f 113/1/19 127/1/19 123/1/19
f 119/1/20 135/1/20 126/1/20
f 119/1/20 126/1/20 128/1/20
f 136/1/21 150/1/21 154/1/21
f 136/1/21 154/1/21 161/1/21
f 142/1/22 157/1/22 152/1/22
f 142/1/22 152/1/22 148/1/22
f 146/1/23 159/1/23 153/1/23
f 146/1/23 153/1/23 158/1/23
f 163/1/24 177/1/24 181/1/24
f 163/1/24 181/1/24 188/1/24
f 169/1/25 184/1/25 179/1/25
f 169/1/25 179/1/25 175/1/25
f 173/1/26 186/1/26 180/1/26
f 173/1/26 180/1/26 185/1/26
f 192/1/27 205/1/27 207/1/27
f 192/1/27 207/1/27 213/1/27
f 196/1/28 209/1/28 206/1/28
f 196/1/28 206/1/28 204/1/28
f 198/1/29 215/1/29 208/1/29
f 198/1/29 208/1/29 211/1/29
f 147/1/30 193/1/30 214/1/30
s 0
f 147/1/30 214/1/30 160/1/30
s 1
f 162/1/31 216/1/31 200/1/31
s 0
f 162/1/31 200/1/31 138/1/31
f 28/1/32 144/1/32 156/1/32
f 28/1/32 156/1/32 41/1/32
s 1
f 40/1/33 155/1/33 141/1/33
s 0
f 40/1/33 141/1/33 33/1/33
f 10/1/34 37/1/34 50/1/34
f 10/1/34 50/1/34 27/1/34
s 1
f 25/1/35 48/1/35 35/1/35
s 0
f 25/1/35 35/1/35 4/1/35
f 197/1/36 170/1/36 176/1/36
f 197/1/36 176/1/36 210/1/36
f 212/1/37 178/1/37 164/1/37
f 212/1/37 164/1/37 199/1/37
f 66/1/38 89/1/38 95/1/38
f 66/1/38 95/1/38 79/1/38
f 81/1/39 97/1/39 83/1/39
f 81/1/39 83/1/39 56/1/39
f 112/1/40 143/1/40 149/1/40
f 112/1/40 149/1/40 122/1/40
f 124/1/41 151/1/41 137/1/41
f 124/1/41 137/1/41 114/1/41
f 59/1/42 171/1/42 183/1/42
f 59/1/42 183/1/42 75/1/42
f 74/1/43 182/1/43 168/1/43
f 74/1/43 168/1/43 64/1/43
f 8/1/44 62/1/44 68/1/44
s 1
f 8/1/44 68/1/44 21/1/44
f 23/1/45 70/1/45 57/1/45
f 23/1/45 57/1/45 11/1/45
s 0
f 190/1/46 90/1/46 102/1/46
f 190/1/46 102/1/46 203/1/46
s 1
f 202/1/47 101/1/47 87/1/47
s 0
f 202/1/47 87/1/47 195/1/47
f 174/1/48 120/1/48 129/1/48
f 174/1/48 129/1/48 187/1/48
f 189/1/49 131/1/49 115/1/49
f 189/1/49 115/1/49 165/1/49
f 117/1/50 5/1/50 14/1/50
f 117/1/50 14/1/50 133/1/50
f 132/1/51 13/1/51 2/1/51
s 1
f 132/1/51 2/1/51 110/1/51
f 93/1/52 31/1/52 52/1/52
s 0
f 93/1/52 52/1/52 106/1/52
s 1
f 108/1/53 54/1/53 38/1/53
s 0
f 108/1/53 38/1/53 84/1/53
f 140/1/54 109/1/54 1/1/54
f 140/1/54 1/1/54 32/1/54
s 1
f 313/2/55 258/2/56 268/2/57
f 313/2/55 268/2/57 306/2/58
f 264/2/59 219/2/60 220/2/61
f 264/2/59 220/2/61 262/2/59
f 285/2/62 292/2/63 239/2/64
f 256/2/65 297/2/66 286/2/67
f 256/2/65 286/2/67 270/2/68
f 217/2/69 222/2/70 279/2/71
f 217/2/69 279/2/71 252/2/72
f 403/2/73 324/2/74 327/2/75
f 403/2/73 327/2/75 408/2/76
f 366/2/77 373/2/78 228/2/79
f 382/2/80 379/2/81 229/2/82
f 262/2/59 220/2/61 273/2/83
f 262/2/59 273/2/83 243/2/84
f 219/2/60 267/2/85 271/2/86
f 219/2/60 271/2/86 220/2/61
f 375/2/87 382/2/80 229/2/82
f 400/2/88 397/2/89 231/2/90
f 258/2/56 256/2/65 270/2/68
f 258/2/56 270/2/68 268/2/57
f 218/2/69 221/2/91 222/2/70
f 218/2/69 222/2/70 217/2/69
f 253/2/92 280/2/93 282/2/94
f 253/2/92 282/2/94 250/2/95
f 218/2/69 217/2/69 265/2/96
f 218/2/69 265/2/96 261/2/96
f 265/2/96 217/2/69 252/2/72
f 252/2/72 254/2/97 253/2/92
f 253/2/92 250/2/95 265/2/96
f 252/2/72 253/2/92 265/2/96
f 247/2/98 277/2/99 221/2/91
f 247/2/98 221/2/91 218/2/69
f 249/2/100 283/2/101 219/2/60
f 249/2/100 219/2/60 264/2/59
f 221/2/91 255/2/102 259/2/103
f 221/2/91 259/2/103 222/2/70
f 244/2/104 246/2/105 248/2/106
f 248/2/106 247/2/98 218/2/69
f 218/2/69 261/2/96 244/2/104
f 248/2/106 218/2/69 244/2/104
f 393/2/107 400/2/88 231/2/90
f 280/2/93 315/2/108 304/2/109
f 280/2/93 304/2/109 282/2/94
f 226/2/110 242/2/111 316/2/112
f 316/2/112 279/2/71 233/2/113
f 233/2/113 415/2/114 348/2/115
f 348/2/115 226/2/110 316/2/112
f 316/2/112 233/2/113 348/2/115
f 225/2/116 259/2/103 312/2/117
f 312/2/117 242/2/111 226/2/110
f 226/2/110 352/2/118 339/2/119
f 339/2/119 225/2/116 312/2/117
f 312/2/117 226/2/110 339/2/119
f 236/2/120 220/2/61 271/2/86
f 271/2/86 227/2/121 361/2/122
f 361/2/122 438/2/123 236/2/120
f 271/2/86 361/2/122 236/2/120
f 227/2/121 271/2/86 285/2/62
f 285/2/62 239/2/64 224/2/124
f 224/2/124 334/2/125 357/2/126
f 357/2/126 227/2/121 285/2/62
f 285/2/62 224/2/124 357/2/126
f 421/2/127 414/2/128 417/2/129
f 421/2/127 417/2/129 426/2/130
f 233/2/113 279/2/71 222/2/70
f 222/2/70 238/2/131 460/2/132
f 460/2/132 411/2/133 233/2/113
f 222/2/70 460/2/132 233/2/113
f 238/2/131 222/2/70 259/2/103
f 259/2/103 225/2/116 343/2/134
f 343/2/134 456/2/135 238/2/131
f 259/2/103 343/2/134 238/2/131
f 429/2/136 436/2/137 235/2/138
f 348/2/115 355/2/139 226/2/110
f 373/2/78 370/2/140 228/2/79
f 385/2/141 351/2/142 354/2/143
f 385/2/141 354/2/143 390/2/144
f 339/2/119 346/2/145 225/2/116
f 223/2/146 273/2/83 220/2/61
f 220/2/61 236/2/120 442/2/147
f 442/2/147 321/2/148 223/2/146
f 220/2/61 442/2/147 223/2/146
f 391/2/149 388/2/150 230/2/151
f 345/2/152 399/2/153 394/2/154
f 345/2/152 394/2/154 342/2/155
f 330/2/156 337/2/157 224/2/124
f 411/2/133 418/2/158 233/2/113
f 408/2/76 327/2/75 322/2/159
f 408/2/76 322/2/159 405/2/160
f 403/2/73 369/2/161 331/2/162
f 403/2/73 331/2/162 324/2/74
f 331/2/162 369/2/161 372/2/163
f 331/2/162 372/2/163 336/2/164
f 367/2/165 378/2/166 358/2/167
f 367/2/165 358/2/167 333/2/168
f 340/2/169 396/2/170 399/2/153
f 340/2/169 399/2/153 345/2/152
f 394/2/154 432/2/171 457/2/172
f 394/2/154 457/2/172 342/2/155
f 390/2/144 354/2/143 349/2/173
f 390/2/144 349/2/173 387/2/174
f 357/2/126 364/2/175 227/2/121
f 381/2/176 363/2/177 358/2/167
f 381/2/176 358/2/167 378/2/166
f 376/2/178 450/2/179 439/2/180
f 376/2/178 439/2/180 360/2/181
f 228/2/79 240/2/182 298/2/183
f 298/2/183 255/2/102 229/2/82
f 229/2/82 379/2/81 366/2/77
f 366/2/77 228/2/79 298/2/183
f 298/2/183 229/2/82 366/2/77
f 232/2/184 277/2/99 294/2/185
f 294/2/185 240/2/182 228/2/79
f 228/2/79 370/2/140 402/2/186
f 402/2/186 232/2/184 294/2/185
f 294/2/185 228/2/79 402/2/186
f 229/2/82 255/2/102 221/2/91
f 221/2/91 237/2/187 451/2/188
f 451/2/188 375/2/87 229/2/82
f 221/2/91 451/2/188 229/2/82
f 384/2/189 391/2/149 230/2/151
f 230/2/151 241/2/190 307/2/191
f 307/2/191 267/2/85 231/2/90
f 231/2/90 397/2/89 384/2/189
f 384/2/189 230/2/151 307/2/191
f 307/2/191 231/2/90 384/2/189
f 234/2/192 283/2/101 303/2/193
f 303/2/193 241/2/190 230/2/151
f 230/2/151 388/2/150 420/2/194
f 420/2/194 234/2/192 303/2/193
f 303/2/193 230/2/151 420/2/194
f 231/2/90 267/2/85 219/2/60
f 219/2/60 235/2/138 433/2/195
f 433/2/195 393/2/107 231/2/90
f 219/2/60 433/2/195 231/2/90
f 402/2/186 409/2/196 232/2/184
f 409/2/196 406/2/197 232/2/184
f 237/2/187 221/2/91 277/2/99
f 277/2/99 232/2/184 406/2/197
f 406/2/197 447/2/198 237/2/187
f 277/2/99 406/2/197 237/2/187
f 426/2/130 417/2/129 412/2/199
f 426/2/130 412/2/199 423/2/200
f 420/2/194 427/2/201 234/2/192
f 427/2/201 424/2/202 234/2/192
f 235/2/138 219/2/60 283/2/101
f 283/2/101 234/2/192 424/2/202
f 424/2/202 429/2/136 235/2/138
f 283/2/101 424/2/202 235/2/138
f 430/2/203 459/2/204 462/2/205
f 430/2/203 462/2/205 435/2/206
f 438/2/123 445/2/207 236/2/120
f 453/2/208 444/2/209 439/2/180
f 453/2/208 439/2/180 450/2/179
f 447/2/198 454/2/210 237/2/187
f 454/2/210 451/2/188 237/2/187
f 456/2/135 463/2/211 238/2/131
f 463/2/211 460/2/132 238/2/131
f 385/2/141 396/2/170 340/2/169
f 385/2/141 340/2/169 351/2/142
f 346/2/145 343/2/134 225/2/116
f 435/2/206 462/2/205 457/2/172
f 435/2/206 457/2/172 432/2/171
f 436/2/137 433/2/195 235/2/138
f 418/2/158 415/2/114 233/2/113
f 430/2/203 423/2/200 412/2/199
f 430/2/203 412/2/199 459/2/204
f 355/2/139 352/2/118 226/2/110
f 421/2/127 387/2/174 349/2/173
f 421/2/127 349/2/173 414/2/128
f 336/2/164 372/2/163 367/2/165
f 336/2/164 367/2/165 333/2/168
f 337/2/157 334/2/125 224/2/124
f 364/2/175 361/2/122 227/2/121
f 376/2/178 360/2/181 363/2/177
f 376/2/178 363/2/177 381/2/176
f 445/2/207 442/2/147 236/2/120
f 448/2/212 441/2/213 444/2/209
f 448/2/212 444/2/209 453/2/208
f 328/2/214 325/2/215 223/2/146
f 448/2/212 405/2/160 322/2/159
f 448/2/212 322/2/159 441/2/213
f 224/2/124 239/2/64 289/2/216
f 289/2/216 273/2/83 223/2/146
f 223/2/146 325/2/215 330/2/156
f 330/2/156 224/2/124 289/2/216
f 289/2/216 223/2/146 330/2/156
f 286/2/67 297/2/66 300/2/217
f 286/2/67 300/2/217 291/2/218
f 294/2/185 301/2/219 240/2/182
f 301/2/219 298/2/183 240/2/182
f 303/2/193 310/2/220 241/2/190
f 318/2/221 309/2/222 304/2/109
f 318/2/221 304/2/109 315/2/108
f 312/2/117 319/2/223 242/2/111
f 319/2/223 316/2/112 242/2/111
f 291/2/218 300/2/217 295/2/224
f 291/2/218 295/2/224 288/2/225
f 292/2/63 289/2/216 239/2/64
f 310/2/220 307/2/191 241/2/190
f 313/2/55 306/2/58 309/2/222
f 313/2/55 309/2/222 318/2/221
f 274/2/226 288/2/225 295/2/224
f 274/2/226 295/2/224 276/2/227
f 277/2/99 247/2/98 248/2/106
f 277/2/99 248/2/106 278/2/228
f 278/2/228 248/2/106 246/2/105
f 278/2/228 246/2/105 276/2/227
f 280/2/93 253/2/92 254/2/97
f 280/2/93 254/2/97 281/2/229
f 281/2/229 254/2/97 252/2/72
f 281/2/229 252/2/72 279/2/71
f 283/2/101 249/2/100 251/2/230
f 283/2/101 251/2/230 284/2/231
f 284/2/231 251/2/230 250/2/95
f 284/2/231 250/2/95 282/2/94
f 265/2/96 250/2/95 251/2/230
f 265/2/96 251/2/230 266/2/232
f 266/2/232 251/2/230 249/2/100
f 266/2/232 249/2/100 264/2/59
f 256/2/65 258/2/56 260/2/233
f 256/2/65 260/2/233 257/2/234
f 257/2/234 260/2/233 259/2/103
f 257/2/234 259/2/103 255/2/102
f 244/2/104 261/2/96 263/2/235
f 244/2/104 263/2/235 245/2/236
f 245/2/236 263/2/235 262/2/59
f 245/2/236 262/2/59 243/2/84
f 261/2/96 265/2/96 266/2/232
f 261/2/96 266/2/232 263/2/235
f 263/2/235 266/2/232 264/2/59
f 263/2/235 264/2/59 262/2/59
f 268/2/57 270/2/68 272/2/237
f 268/2/57 272/2/237 269/2/238
f 269/2/238 272/2/237 271/2/86
f 269/2/238 271/2/86 267/2/85
f 243/2/84 273/2/83 275/2/239
f 243/2/84 275/2/239 245/2/236
f 245/2/236 275/2/239 274/2/226
f 245/2/236 274/2/226 244/2/104
f 286/2/67 291/2/218 293/2/240
f 286/2/67 293/2/240 287/2/241
f 287/2/241 293/2/240 292/2/63
f 287/2/241 292/2/63 285/2/62
f 291/2/218 288/2/225 290/2/242
f 291/2/218 290/2/242 293/2/240
f 293/2/240 290/2/242 289/2/216
f 293/2/240 289/2/216 292/2/63
f 295/2/224 300/2/217 302/2/243
f 295/2/224 302/2/243 296/2/244
f 296/2/244 302/2/243 301/2/219
f 296/2/244 301/2/219 294/2/185
f 300/2/217 297/2/66 299/2/245
f 300/2/217 299/2/245 302/2/243
f 302/2/243 299/2/245 298/2/183
f 302/2/243 298/2/183 301/2/219
f 304/2/109 309/2/222 311/2/246
f 304/2/109 311/2/246 305/2/247
f 305/2/247 311/2/246 310/2/220
f 305/2/247 310/2/220 303/2/193
f 309/2/222 306/2/58 308/2/248
f 309/2/222 308/2/248 311/2/246
f 311/2/246 308/2/248 307/2/191
f 311/2/246 307/2/191 310/2/220
f 313/2/55 318/2/221 320/2/249
f 313/2/55 320/2/249 314/2/250
f 314/2/250 320/2/249 319/2/223
f 314/2/250 319/2/223 312/2/117
f 318/2/221 315/2/108 317/2/251
f 318/2/221 317/2/251 320/2/249
f 320/2/249 317/2/251 316/2/112
f 320/2/249 316/2/112 319/2/223
f 288/2/225 274/2/226 275/2/239
f 288/2/225 275/2/239 290/2/242
f 290/2/242 275/2/239 273/2/83
f 290/2/242 273/2/83 289/2/216
f 294/2/185 277/2/99 278/2/228
f 294/2/185 278/2/228 296/2/244
f 296/2/244 278/2/228 276/2/227
f 296/2/244 276/2/227 295/2/224
f 255/2/102 298/2/183 299/2/245
f 255/2/102 299/2/245 257/2/234
f 257/2/234 299/2/245 297/2/66
f 257/2/234 297/2/66 256/2/65
f 285/2/62 271/2/86 272/2/237
f 285/2/62 272/2/237 287/2/241
f 287/2/241 272/2/237 270/2/68
f 287/2/241 270/2/68 286/2/67
f 312/2/117 259/2/103 260/2/233
f 312/2/117 260/2/233 314/2/250
f 314/2/250 260/2/233 258/2/56
f 314/2/250 258/2/56 313/2/55
f 267/2/85 307/2/191 308/2/248
f 267/2/85 308/2/248 269/2/238
f 269/2/238 308/2/248 306/2/58
f 269/2/238 306/2/58 268/2/57
f 279/2/71 316/2/112 317/2/251
f 279/2/71 317/2/251 281/2/229
f 281/2/229 317/2/251 315/2/108
f 281/2/229 315/2/108 280/2/93
f 303/2/193 283/2/101 284/2/231
f 303/2/193 284/2/231 305/2/247
f 305/2/247 284/2/231 282/2/94
f 305/2/247 282/2/94 304/2/109
f 244/2/104 274/2/226 276/2/227
f 244/2/104 276/2/227 246/2/105
f 322/2/159 327/2/75 329/2/252
f 322/2/159 329/2/252 323/2/253
f 323/2/253 329/2/252 328/2/214
f 323/2/253 328/2/214 321/2/148
f 327/2/75 324/2/74 326/2/254
f 327/2/75 326/2/254 329/2/252
f 329/2/252 326/2/254 325/2/215
f 329/2/252 325/2/215 328/2/214
f 331/2/162 336/2/164 338/2/255
f 331/2/162 338/2/255 332/2/256
f 332/2/256 338/2/255 337/2/157
f 332/2/256 337/2/157 330/2/156
f 336/2/164 333/2/168 335/2/257
f 336/2/164 335/2/257 338/2/255
f 338/2/255 335/2/257 334/2/125
f 338/2/255 334/2/125 337/2/157
f 340/2/169 345/2/152 347/2/258
f 340/2/169 347/2/258 341/2/259
f 341/2/259 347/2/258 346/2/145
f 341/2/259 346/2/145 339/2/119
f 345/2/152 342/2/155 344/2/260
f 345/2/152 344/2/260 347/2/258
f 347/2/258 344/2/260 343/2/134
f 347/2/258 343/2/134 346/2/145
f 349/2/173 354/2/143 356/2/261
f 349/2/173 356/2/261 350/2/262
f 350/2/262 356/2/261 355/2/139
f 350/2/262 355/2/139 348/2/115
f 354/2/143 351/2/142 353/2/263
f 354/2/143 353/2/263 356/2/261
f 356/2/261 353/2/263 352/2/118
f 356/2/261 352/2/118 355/2/139
f 358/2/167 363/2/177 365/2/264
f 358/2/167 365/2/264 359/2/265
f 359/2/265 365/2/264 364/2/175
f 359/2/265 364/2/175 357/2/126
f 363/2/177 360/2/181 362/2/266
f 363/2/177 362/2/266 365/2/264
f 365/2/264 362/2/266 361/2/122
f 365/2/264 361/2/122 364/2/175
f 367/2/165 372/2/163 374/2/267
f 367/2/165 374/2/267 368/2/268
f 368/2/268 374/2/267 373/2/78
f 368/2/268 373/2/78 366/2/77
f 372/2/163 369/2/161 371/2/269
f 372/2/163 371/2/269 374/2/267
f 374/2/267 371/2/269 370/2/140
f 374/2/267 370/2/140 373/2/78
f 376/2/178 381/2/176 383/2/270
f 376/2/178 383/2/270 377/2/271
f 377/2/271 383/2/270 382/2/80
f 377/2/271 382/2/80 375/2/87
f 381/2/176 378/2/166 380/2/272
f 381/2/176 380/2/272 383/2/270
f 383/2/270 380/2/272 379/2/81
f 383/2/270 379/2/81 382/2/80
f 385/2/141 390/2/144 392/2/273
f 385/2/141 392/2/273 386/2/274
f 386/2/274 392/2/273 391/2/149
f 386/2/274 391/2/149 384/2/189
f 390/2/144 387/2/174 389/2/275
f 390/2/144 389/2/275 392/2/273
f 392/2/273 389/2/275 388/2/150
f 392/2/273 388/2/150 391/2/149
f 394/2/154 399/2/153 401/2/276
f 394/2/154 401/2/276 395/2/277
f 395/2/277 401/2/276 400/2/88
f 395/2/277 400/2/88 393/2/107
f 399/2/153 396/2/170 398/2/278
f 399/2/153 398/2/278 401/2/276
f 401/2/276 398/2/278 397/2/89
f 401/2/276 397/2/89 400/2/88
f 403/2/73 408/2/76 410/2/279
f 403/2/73 410/2/279 404/2/280
f 404/2/280 410/2/279 409/2/196
f 404/2/280 409/2/196 402/2/186
f 408/2/76 405/2/160 407/2/281
f 408/2/76 407/2/281 410/2/279
f 410/2/279 407/2/281 406/2/197
f 410/2/279 406/2/197 409/2/196
f 412/2/199 417/2/129 419/2/282
f 412/2/199 419/2/282 413/2/283
f 413/2/283 419/2/282 418/2/158
f 413/2/283 418/2/158 411/2/133
f 417/2/129 414/2/128 416/2/284
f 417/2/129 416/2/284 419/2/282
f 419/2/282 416/2/284 415/2/114
f 419/2/282 415/2/114 418/2/158
f 421/2/127 426/2/130 428/2/285
f 421/2/127 428/2/285 422/2/286
f 422/2/286 428/2/285 427/2/201
f 422/2/286 427/2/201 420/2/194
f 426/2/130 423/2/200 425/2/287
f 426/2/130 425/2/287 428/2/285
f 428/2/285 425/2/287 424/2/202
f 428/2/285 424/2/202 427/2/201
f 430/2/203 435/2/206 437/2/288
f 430/2/203 437/2/288 431/2/289
f 431/2/289 437/2/288 436/2/137
f 431/2/289 436/2/137 429/2/136
f 435/2/206 432/2/171 434/2/290
f 435/2/206 434/2/290 437/2/288
f 437/2/288 434/2/290 433/2/195
f 437/2/288 433/2/195 436/2/137
f 439/2/180 444/2/209 446/2/291
f 439/2/180 446/2/291 440/2/292
f 440/2/292 446/2/291 445/2/207
f 440/2/292 445/2/207 438/2/123
f 444/2/209 441/2/213 443/2/293
f 444/2/209 443/2/293 446/2/291
f 446/2/291 443/2/293 442/2/147
f 446/2/291 442/2/147 445/2/207
f 448/2/212 453/2/208 455/2/294
f 448/2/212 455/2/294 449/2/295
f 449/2/295 455/2/294 454/2/210
f 449/2/295 454/2/210 447/2/198
f 453/2/208 450/2/179 452/2/296
f 453/2/208 452/2/296 455/2/294
f 455/2/294 452/2/296 451/2/188
f 455/2/294 451/2/188 454/2/210
f 457/2/172 462/2/205 464/2/297
f 457/2/172 464/2/297 458/2/298
f 458/2/298 464/2/297 463/2/211
f 458/2/298 463/2/211 456/2/135
f 462/2/205 459/2/204 461/2/299
f 462/2/205 461/2/299 464/2/297
f 464/2/297 461/2/299 460/2/132
f 464/2/297 460/2/132 463/2/211
f 402/2/186 370/2/140 371/2/269
f 402/2/186 371/2/269 404/2/280
f 404/2/280 371/2/269 369/2/161
f 404/2/280 369/2/161 403/2/73
f 330/2/156 325/2/215 326/2/254
f 330/2/156 326/2/254 332/2/256
f 332/2/256 326/2/254 324/2/74
f 332/2/256 324/2/74 331/2/162
f 447/2/198 406/2/197 407/2/281
f 447/2/198 407/2/281 449/2/295
f 449/2/295 407/2/281 405/2/160
f 449/2/295 405/2/160 448/2/212
f 321/2/148 442/2/147 443/2/293
f 321/2/148 443/2/293 323/2/253
f 323/2/253 443/2/293 441/2/213
f 323/2/253 441/2/213 322/2/159
f 333/2/168 358/2/167 359/2/265
f 333/2/168 359/2/265 335/2/257
f 335/2/257 359/2/265 357/2/126
f 335/2/257 357/2/126 334/2/125
f 366/2/77 379/2/81 380/2/272
f 366/2/77 380/2/272 368/2/268
f 368/2/268 380/2/272 378/2/166
f 368/2/268 378/2/166 367/2/165
f 384/2/189 397/2/89 398/2/278
f 384/2/189 398/2/278 386/2/274
f 386/2/274 398/2/278 396/2/170
f 386/2/274 396/2/170 385/2/141
f 339/2/119 352/2/118 353/2/263
f 339/2/119 353/2/263 341/2/259
f 341/2/259 353/2/263 351/2/142
f 341/2/259 351/2/142 340/2/169
f 342/2/155 457/2/172 458/2/298
f 342/2/155 458/2/298 344/2/260
f 344/2/260 458/2/298 456/2/135
f 344/2/260 456/2/135 343/2/134
f 393/2/107 433/2/195 434/2/290
f 393/2/107 434/2/290 395/2/277
f 395/2/277 434/2/290 432/2/171
f 395/2/277 432/2/171 394/2/154
f 420/2/194 388/2/150 389/2/275
f 420/2/194 389/2/275 422/2/286
f 422/2/286 389/2/275 387/2/174
f 422/2/286 387/2/174 421/2/127
f 348/2/115 415/2/114 416/2/284
f 348/2/115 416/2/284 350/2/262
f 350/2/262 416/2/284 414/2/128
f 350/2/262 414/2/128 349/2/173
f 360/2/181 439/2/180 440/2/292
f 360/2/181 440/2/292 362/2/266
f 362/2/266 440/2/292 438/2/123
f 362/2/266 438/2/123 361/2/122
f 375/2/87 451/2/188 452/2/296
f 375/2/87 452/2/296 377/2/271
f 377/2/271 452/2/296 450/2/179
f 377/2/271 450/2/179 376/2/178
f 459/2/204 412/2/199 413/2/283
f 459/2/204 413/2/283 461/2/299
f 461/2/299 413/2/283 411/2/133
f 461/2/299 411/2/133 460/2/132
f 429/2/136 424/2/202 425/2/287
f 429/2/136 425/2/287 431/2/289
f 431/2/289 425/2/287 423/2/200
f 431/2/289 423/2/200 430/2/203
f 321/2/148 328/2/214 223/2/146
f 472/3/300 503/3/301 482/3/302
f 472/3/300 482/3/302 465/3/303
f 467/3/304 488/3/305 491/3/306
f 467/3/304 491/3/306 468/3/307
f 468/3/307 491/3/306 494/3/308
f 468/3/307 494/3/308 469/3/309
f 469/3/309 494/3/308 497/3/310
f 469/3/309 497/3/310 470/3/311
f 470/3/311 497/3/310 500/3/312
f 470/3/311 500/3/312 471/3/313
f 471/3/313 500/3/312 503/3/301
f 471/3/313 503/3/301 472/3/300
f 465/3/303 482/3/302 485/3/314
f 465/3/303 485/3/314 466/3/315
f 466/3/315 485/3/314 488/3/305
f 466/3/315 488/3/305 467/3/304
f 468/3/307 469/3/309 477/3/316
f 468/3/307 477/3/316 476/3/317
f 536/3/318 539/3/319 514/3/320
f 536/3/318 514/3/320 511/3/321
f 471/3/313 472/3/300 480/3/322
f 471/3/313 480/3/322 479/3/323
f 466/3/315 467/3/304 475/3/324
f 466/3/315 475/3/324 474/3/325
f 469/3/309 470/3/311 478/3/326
f 469/3/309 478/3/326 477/3/316
f 472/3/300 465/3/303 473/3/327
f 472/3/300 473/3/327 480/3/322
f 465/3/303 466/3/315 474/3/325
f 465/3/303 474/3/325 473/3/327
f 467/3/304 468/3/307 476/3/317
f 467/3/304 476/3/317 475/3/324
f 470/3/311 471/3/313 479/3/323
f 470/3/311 479/3/323 478/3/326
f 474/3/325 475/3/324 535/3/328
f 474/3/325 535/3/328 532/3/329
f 545/3/330 548/3/331 523/3/332
f 545/3/330 523/3/332 520/3/333
f 539/3/319 542/3/334 517/3/335
f 539/3/319 517/3/335 514/3/320
f 551/3/336 529/3/337 506/3/338
f 551/3/336 506/3/338 526/3/339
f 473/3/327 474/3/325 532/3/329
f 473/3/327 532/3/329 530/3/340
f 548/3/331 551/3/336 526/3/339
f 548/3/331 526/3/339 523/3/332
f 542/3/334 545/3/330 520/3/333
f 542/3/334 520/3/333 517/3/335
f 533/3/341 536/3/318 511/3/321
f 533/3/341 511/3/321 508/3/342
f 479/3/323 480/3/322 550/3/343
f 479/3/323 550/3/343 547/3/344
f 477/3/316 478/3/326 544/3/345
f 477/3/316 544/3/345 541/3/346
f 475/3/324 476/3/317 538/3/347
f 475/3/324 538/3/347 535/3/328
f 478/3/326 479/3/323 547/3/344
f 478/3/326 547/3/344 544/3/345
f 476/3/317 477/3/316 541/3/346
f 476/3/317 541/3/346 538/3/347
f 527/3/348 505/3/349 509/3/350
f 509/3/350 512/3/351 515/3/352
f 515/3/352 518/3/353 521/3/354
f 521/3/354 524/3/355 527/3/348
f 527/3/348 509/3/350 515/3/352
f 515/3/352 521/3/354 527/3/348
f 485/3/314 482/3/302 483/3/356
f 485/3/314 483/3/356 486/3/357
f 486/3/357 483/3/356 481/3/358
f 486/3/357 481/3/358 484/3/359
f 488/3/305 485/3/314 486/3/357
f 488/3/305 486/3/357 489/3/360
f 489/3/360 486/3/357 484/3/359
f 489/3/360 484/3/359 487/3/361
f 491/3/306 488/3/305 489/3/360
f 491/3/306 489/3/360 492/3/362
f 492/3/362 489/3/360 487/3/361
f 492/3/362 487/3/361 490/3/363
f 494/3/308 491/3/306 492/3/362
f 494/3/308 492/3/362 495/3/364
f 495/3/364 492/3/362 490/3/363
f 495/3/364 490/3/363 493/3/365
f 497/3/310 494/3/308 495/3/364
f 497/3/310 495/3/364 498/3/366
f 498/3/366 495/3/364 493/3/365
f 498/3/366 493/3/365 496/3/367
f 500/3/312 497/3/310 498/3/366
f 500/3/312 498/3/366 501/3/368
f 501/3/368 498/3/366 496/3/367
f 501/3/368 496/3/367 499/3/369
f 503/3/301 500/3/312 501/3/368
f 503/3/301 501/3/368 504/3/370
f 504/3/370 501/3/368 499/3/369
f 504/3/370 499/3/369 502/3/371
f 482/3/302 503/3/301 504/3/370
f 482/3/302 504/3/370 483/3/356
f 483/3/356 504/3/370 502/3/371
f 483/3/356 502/3/371 481/3/358
f 487/3/361 484/3/359 481/3/358
f 481/3/358 502/3/371 499/3/369
f 499/3/369 496/3/367 493/3/365
f 493/3/365 490/3/363 487/3/361
f 487/3/361 481/3/358 499/3/369
f 499/3/369 493/3/365 487/3/361
f 506/3/338 508/3/342 510/3/372
f 506/3/338 510/3/372 507/3/373
f 507/3/373 510/3/372 509/3/350
f 507/3/373 509/3/350 505/3/349
f 508/3/342 511/3/321 513/3/374
f 508/3/342 513/3/374 510/3/372
f 510/3/372 513/3/374 512/3/351
f 510/3/372 512/3/351 509/3/350
f 511/3/321 514/3/320 516/3/375
f 511/3/321 516/3/375 513/3/374
f 513/3/374 516/3/375 515/3/352
f 513/3/374 515/3/352 512/3/351
f 514/3/320 517/3/335 519/3/376
f 514/3/320 519/3/376 516/3/375
f 516/3/375 519/3/376 518/3/353
f 516/3/375 518/3/353 515/3/352
f 517/3/335 520/3/333 522/3/377
f 517/3/335 522/3/377 519/3/376
f 519/3/376 522/3/377 521/3/354
f 519/3/376 521/3/354 518/3/353
f 520/3/333 523/3/332 525/3/378
f 520/3/333 525/3/378 522/3/377
f 522/3/377 525/3/378 524/3/355
f 522/3/377 524/3/355 521/3/354
f 523/3/332 526/3/339 528/3/379
f 523/3/332 528/3/379 525/3/378
f 525/3/378 528/3/379 527/3/348
f 525/3/378 527/3/348 524/3/355
f 526/3/339 506/3/338 507/3/373
f 526/3/339 507/3/373 528/3/379
f 528/3/379 507/3/373 505/3/349
f 528/3/379 505/3/349 527/3/348
f 480/3/322 473/3/327 530/3/340
f 480/3/322 530/3/340 550/3/343
f 530/3/340 532/3/329 534/3/380
f 530/3/340 534/3/380 531/3/381
f 531/3/381 534/3/380 533/3/341
f 531/3/381 533/3/341 529/3/337
f 532/3/329 535/3/328 537/3/382
f 532/3/329 537/3/382 534/3/380
f 534/3/380 537/3/382 536/3/318
f 534/3/380 536/3/318 533/3/341
f 535/3/328 538/3/347 540/3/383
f 535/3/328 540/3/383 537/3/382
f 537/3/382 540/3/383 539/3/319
f 537/3/382 539/3/319 536/3/318
f 538/3/347 541/3/346 543/3/384
f 538/3/347 543/3/384 540/3/383
f 540/3/383 543/3/384 542/3/334
f 540/3/383 542/3/334 539/3/319
f 541/3/346 544/3/345 546/3/385
f 541/3/346 546/3/385 543/3/384
f 543/3/384 546/3/385 545/3/330
f 543/3/384 545/3/330 542/3/334
f 544/3/345 547/3/344 549/3/386
f 544/3/345 549/3/386 546/3/385
f 546/3/385 549/3/386 548/3/331
f 546/3/385 548/3/331 545/3/330
f 547/3/344 550/3/343 552/3/387
f 547/3/344 552/3/387 549/3/386
f 549/3/386 552/3/387 551/3/336
f 549/3/386 551/3/336 548/3/331
f 550/3/343 530/3/340 531/3/381
f 550/3/343 531/3/381 552/3/387
f 552/3/387 531/3/381 529/3/337
f 552/3/387 529/3/337 551/3/336
f 529/3/337 533/3/341 508/3/342
f 529/3/337 508/3/342 506/3/338
f 560/3/315 553/3/303 570/3/302
f 560/3/315 570/3/302 591/3/388
f 555/3/313 556/3/311 579/3/389
f 555/3/313 579/3/389 576/3/390
f 556/3/311 557/3/309 582/3/308
f 556/3/311 582/3/308 579/3/389
f 557/3/309 558/3/307 585/3/391
f 557/3/309 585/3/391 582/3/308
f 558/3/307 559/3/304 588/3/392
f 558/3/307 588/3/392 585/3/391
f 559/3/304 560/3/315 591/3/388
f 559/3/304 591/3/388 588/3/392
f 553/3/303 554/3/300 573/3/393
f 553/3/303 573/3/393 570/3/302
f 554/3/300 555/3/313 576/3/390
f 554/3/300 576/3/390 573/3/393
f 556/3/311 564/3/326 565/3/316
f 556/3/311 565/3/316 557/3/309
f 624/3/331 599/3/332 602/3/333
f 624/3/331 602/3/333 627/3/330
f 559/3/304 567/3/324 568/3/325
f 559/3/304 568/3/325 560/3/315
f 554/3/300 562/3/322 563/3/323
f 554/3/300 563/3/323 555/3/313
f 557/3/309 565/3/316 566/3/317
f 557/3/309 566/3/317 558/3/307
f 560/3/315 568/3/325 561/3/327
f 560/3/315 561/3/327 553/3/303
f 553/3/303 561/3/327 562/3/322
f 553/3/303 562/3/322 554/3/300
f 555/3/313 563/3/323 564/3/326
f 555/3/313 564/3/326 556/3/311
f 558/3/307 566/3/317 567/3/324
f 558/3/307 567/3/324 559/3/304
f 562/3/322 620/3/343 623/3/344
f 562/3/322 623/3/344 563/3/323
f 633/3/319 608/3/320 611/3/321
f 633/3/319 611/3/321 636/3/318
f 627/3/330 602/3/333 605/3/335
f 627/3/330 605/3/335 630/3/334
f 639/3/341 614/3/342 594/3/338
f 639/3/341 594/3/338 617/3/337
f 561/3/327 618/3/340 620/3/343
f 561/3/327 620/3/343 562/3/322
f 636/3/318 611/3/321 614/3/342
f 636/3/318 614/3/342 639/3/341
f 630/3/334 605/3/335 608/3/320
f 630/3/334 608/3/320 633/3/319
f 621/3/336 596/3/339 599/3/332
f 621/3/336 599/3/332 624/3/331
f 567/3/324 635/3/328 638/3/329
f 567/3/324 638/3/329 568/3/325
f 565/3/316 629/3/346 632/3/347
f 565/3/316 632/3/347 566/3/317
f 563/3/323 623/3/344 626/3/345
f 563/3/323 626/3/345 564/3/326
f 566/3/317 632/3/347 635/3/328
f 566/3/317 635/3/328 567/3/324
f 564/3/326 626/3/345 629/3/346
f 564/3/326 629/3/346 565/3/316
f 597/3/348 593/3/349 615/3/350
f 615/3/350 612/3/351 609/3/352
f 609/3/352 606/3/353 603/3/354
f 603/3/354 600/3/355 597/3/348
f 597/3/348 615/3/350 609/3/352
f 609/3/352 603/3/354 597/3/348
f 573/3/393 574/3/370 571/3/356
f 573/3/393 571/3/356 570/3/302
f 574/3/370 572/3/371 569/3/358
f 574/3/370 569/3/358 571/3/356
f 576/3/390 577/3/368 574/3/370
f 576/3/390 574/3/370 573/3/393
f 577/3/368 575/3/369 572/3/371
f 577/3/368 572/3/371 574/3/370
f 579/3/389 580/3/366 577/3/368
f 579/3/389 577/3/368 576/3/390
f 580/3/366 578/3/367 575/3/369
f 580/3/366 575/3/369 577/3/368
f 582/3/308 583/3/364 580/3/366
f 582/3/308 580/3/366 579/3/389
f 583/3/364 581/3/365 578/3/367
f 583/3/364 578/3/367 580/3/366
f 585/3/391 586/3/362 583/3/364
f 585/3/391 583/3/364 582/3/308
f 586/3/362 584/3/363 581/3/365
f 586/3/362 581/3/365 583/3/364
f 588/3/392 589/3/360 586/3/362
f 588/3/392 586/3/362 585/3/391
f 589/3/360 587/3/361 584/3/363
f 589/3/360 584/3/363 586/3/362
f 591/3/388 592/3/357 589/3/360
f 591/3/388 589/3/360 588/3/392
f 592/3/357 590/3/359 587/3/361
f 592/3/357 587/3/361 589/3/360
f 570/3/302 571/3/356 592/3/357
f 570/3/302 592/3/357 591/3/388
f 571/3/356 569/3/358 590/3/359
f 571/3/356 590/3/359 592/3/357
f 569/3/358 572/3/371 575/3/369
f 575/3/369 578/3/367 581/3/365
f 581/3/365 584/3/363 587/3/361
f 587/3/361 590/3/359 569/3/358
f 569/3/358 575/3/369 581/3/365
f 581/3/365 587/3/361 569/3/358
f 594/3/338 595/3/373 598/3/379
f 594/3/338 598/3/379 596/3/339
f 595/3/373 593/3/349 597/3/348
f 595/3/373 597/3/348 598/3/379
f 596/3/339 598/3/379 601/3/378
f 596/3/339 601/3/378 599/3/332
f 598/3/379 597/3/348 600/3/355
f 598/3/379 600/3/355 601/3/378
f 599/3/332 601/3/378 604/3/377
f 599/3/332 604/3/377 602/3/333
f 601/3/378 600/3/355 603/3/354
f 601/3/378 603/3/354 604/3/377
f 602/3/333 604/3/377 607/3/376
f 602/3/333 607/3/376 605/3/335
f 604/3/377 603/3/354 606/3/353
f 604/3/377 606/3/353 607/3/376
f 605/3/335 607/3/376 610/3/375
f 605/3/335 610/3/375 608/3/320
f 607/3/376 606/3/353 609/3/352
f 607/3/376 609/3/352 610/3/375
f 608/3/320 610/3/375 613/3/374
f 608/3/320 613/3/374 611/3/321
f 610/3/375 609/3/352 612/3/351
f 610/3/375 612/3/351 613/3/374
f 611/3/321 613/3/374 616/3/372
f 611/3/321 616/3/372 614/3/342
f 613/3/374 612/3/351 615/3/350
f 613/3/374 615/3/350 616/3/372
f 614/3/342 616/3/372 595/3/373
f 614/3/342 595/3/373 594/3/338
f 616/3/372 615/3/350 593/3/349
f 616/3/372 593/3/349 595/3/373
f 568/3/325 638/3/329 618/3/340
f 568/3/325 618/3/340 561/3/327
f 618/3/340 619/3/381 622/3/387
f 618/3/340 622/3/387 620/3/343
f 619/3/381 617/3/337 621/3/336
f 619/3/381 621/3/336 622/3/387
f 620/3/343 622/3/387 625/3/386
f 620/3/343 625/3/386 623/3/344
f 622/3/387 621/3/336 624/3/331
f 622/3/387 624/3/331 625/3/386
f 623/3/344 625/3/386 628/3/385
f 623/3/344 628/3/385 626/3/345
f 625/3/386 624/3/331 627/3/330
f 625/3/386 627/3/330 628/3/385
f 626/3/345 628/3/385 631/3/384
f 626/3/345 631/3/384 629/3/346
f 628/3/385 627/3/330 630/3/334
f 628/3/385 630/3/334 631/3/384
f 629/3/346 631/3/384 634/3/383
f 629/3/346 634/3/383 632/3/347
f 631/3/384 630/3/334 633/3/319
f 631/3/384 633/3/319 634/3/383
f 632/3/347 634/3/383 637/3/382
f 632/3/347 637/3/382 635/3/328
f 634/3/383 633/3/319 636/3/318
f 634/3/383 636/3/318 637/3/382
f 635/3/328 637/3/382 640/3/380
f 635/3/328 640/3/380 638/3/329
f 637/3/382 636/3/318 639/3/341
f 637/3/382 639/3/341 640/3/380
f 638/3/329 640/3/380 619/3/381
f 638/3/329 619/3/381 618/3/340
f 640/3/380 639/3/341 617/3/337
f 640/3/380 617/3/337 619/3/381
f 617/3/337 594/3/338 596/3/339
f 617/3/337 596/3/339 621/3/336
f 648/3/311 641/3/309 658/3/308
f 648/3/311 658/3/308 679/3/310
f 643/3/304 644/3/315 667/3/314
f 643/3/304 667/3/314 664/3/305
f 644/3/315 645/3/303 670/3/302
f 644/3/315 670/3/302 667/3/314
f 645/3/303 646/3/300 673/3/393
f 645/3/303 673/3/393 670/3/302
f 646/3/300 647/3/313 676/3/312
f 646/3/300 676/3/312 673/3/393
f 647/3/313 648/3/311 679/3/310
f 647/3/313 679/3/310 676/3/312
f 641/3/309 642/3/307 661/3/391
f 641/3/309 661/3/391 658/3/308
f 642/3/307 643/3/304 664/3/305
f 642/3/307 664/3/305 661/3/391
f 644/3/315 652/3/325 653/3/327
f 644/3/315 653/3/327 645/3/303
f 712/3/318 687/3/321 690/3/342
f 712/3/318 690/3/342 715/3/341
f 647/3/313 655/3/323 656/3/326
f 647/3/313 656/3/326 648/3/311
f 642/3/307 650/3/317 651/3/324
f 642/3/307 651/3/324 643/3/304
f 645/3/303 653/3/327 654/3/322
f 645/3/303 654/3/322 646/3/300
f 648/3/311 656/3/326 649/3/316
f 648/3/311 649/3/316 641/3/309
f 641/3/309 649/3/316 650/3/317
f 641/3/309 650/3/317 642/3/307
f 643/3/304 651/3/324 652/3/325
f 643/3/304 652/3/325 644/3/315
f 646/3/300 654/3/322 655/3/323
f 646/3/300 655/3/323 647/3/313
f 650/3/317 708/3/347 711/3/328
f 650/3/317 711/3/328 651/3/324
f 721/3/336 696/3/339 699/3/332
f 721/3/336 699/3/332 724/3/331
f 715/3/341 690/3/342 693/3/338
f 715/3/341 693/3/338 718/3/337
f 727/3/330 702/3/333 682/3/335
f 727/3/330 682/3/335 705/3/334
f 649/3/316 706/3/346 708/3/347
f 649/3/316 708/3/347 650/3/317
f 724/3/331 699/3/332 702/3/333
f 724/3/331 702/3/333 727/3/330
f 718/3/337 693/3/338 696/3/339
f 718/3/337 696/3/339 721/3/336
f 709/3/319 684/3/320 687/3/321
f 709/3/319 687/3/321 712/3/318
f 655/3/323 723/3/344 726/3/345
f 655/3/323 726/3/345 656/3/326
f 653/3/327 717/3/340 720/3/343
f 653/3/327 720/3/343 654/3/322
f 651/3/324 711/3/328 714/3/329
f 651/3/324 714/3/329 652/3/325
f 654/3/322 720/3/343 723/3/344
f 654/3/322 723/3/344 655/3/323
f 652/3/325 714/3/329 717/3/340
f 652/3/325 717/3/340 653/3/327
f 685/3/352 681/3/353 703/3/354
f 703/3/354 700/3/355 697/3/348
f 697/3/348 694/3/349 691/3/350
f 691/3/350 688/3/351 685/3/352
f 685/3/352 703/3/354 697/3/348
f 697/3/348 691/3/350 685/3/352
f 661/3/391 662/3/362 659/3/364
f 661/3/391 659/3/364 658/3/308
f 662/3/362 660/3/363 657/3/365
f 662/3/362 657/3/365 659/3/364
f 664/3/305 665/3/360 662/3/362
f 664/3/305 662/3/362 661/3/391
f 665/3/360 663/3/361 660/3/363
f 665/3/360 660/3/363 662/3/362
f 667/3/314 668/3/357 665/3/360
f 667/3/314 665/3/360 664/3/305
f 668/3/357 666/3/359 663/3/361
f 668/3/357 663/3/361 665/3/360
f 670/3/302 671/3/356 668/3/357
f 670/3/302 668/3/357 667/3/314
f 671/3/356 669/3/358 666/3/359
f 671/3/356 666/3/359 668/3/357
f 673/3/393 674/3/370 671/3/356
f 673/3/393 671/3/356 670/3/302
f 674/3/370 672/3/371 669/3/358
f 674/3/370 669/3/358 671/3/356
f 676/3/312 677/3/368 674/3/370
f 676/3/312 674/3/370 673/3/393
f 677/3/368 675/3/369 672/3/371
f 677/3/368 672/3/371 674/3/370
f 679/3/310 680/3/366 677/3/368
f 679/3/310 677/3/368 676/3/312
f 680/3/366 678/3/367 675/3/369
f 680/3/366 675/3/369 677/3/368
f 658/3/308 659/3/364 680/3/366
f 658/3/308 680/3/366 679/3/310
f 659/3/364 657/3/365 678/3/367
f 659/3/364 678/3/367 680/3/366
f 657/3/365 660/3/363 663/3/361
f 663/3/361 666/3/359 669/3/358
f 669/3/358 672/3/371 675/3/369
f 675/3/369 678/3/367 657/3/365
f 657/3/365 663/3/361 669/3/358
f 669/3/358 675/3/369 657/3/365
f 682/3/335 683/3/376 686/3/375
f 682/3/335 686/3/375 684/3/320
f 683/3/376 681/3/353 685/3/352
f 683/3/376 685/3/352 686/3/375
f 684/3/320 686/3/375 689/3/374
f 684/3/320 689/3/374 687/3/321
f 686/3/375 685/3/352 688/3/351
f 686/3/375 688/3/351 689/3/374
f 687/3/321 689/3/374 692/3/372
f 687/3/321 692/3/372 690/3/342
f 689/3/374 688/3/351 691/3/350
f 689/3/374 691/3/350 692/3/372
f 690/3/342 692/3/372 695/3/373
f 690/3/342 695/3/373 693/3/338
f 692/3/372 691/3/350 694/3/349
f 692/3/372 694/3/349 695/3/373
f 693/3/338 695/3/373 698/3/379
f 693/3/338 698/3/379 696/3/339
f 695/3/373 694/3/349 697/3/348
f 695/3/373 697/3/348 698/3/379
f 696/3/339 698/3/379 701/3/378
f 696/3/339 701/3/378 699/3/332
f 698/3/379 697/3/348 700/3/355
f 698/3/379 700/3/355 701/3/378
f 699/3/332 701/3/378 704/3/377
f 699/3/332 704/3/377 702/3/333
f 701/3/378 700/3/355 703/3/354
f 701/3/378 703/3/354 704/3/377
f 702/3/333 704/3/377 683/3/376
f 702/3/333 683/3/376 682/3/335
f 704/3/377 703/3/354 681/3/353
f 704/3/377 681/3/353 683/3/376
f 656/3/326 726/3/345 706/3/346
f 656/3/326 706/3/346 649/3/316
f 706/3/346 707/3/384 710/3/383
f 706/3/346 710/3/383 708/3/347
f 707/3/384 705/3/334 709/3/319
f 707/3/384 709/3/319 710/3/383
f 708/3/347 710/3/383 713/3/382
f 708/3/347 713/3/382 711/3/328
f 710/3/383 709/3/319 712/3/318
f 710/3/383 712/3/318 713/3/382
f 711/3/328 713/3/382 716/3/380
f 711/3/328 716/3/380 714/3/329
f 713/3/382 712/3/318 715/3/341
f 713/3/382 715/3/341 716/3/380
f 714/3/329 716/3/380 719/3/381
f 714/3/329 719/3/381 717/3/340
f 716/3/380 715/3/341 718/3/337
f 716/3/380 718/3/337 719/3/381
f 717/3/340 719/3/381 722/3/387
f 717/3/340 722/3/387 720/3/343
f 719/3/381 718/3/337 721/3/336
f 719/3/381 721/3/336 722/3/387
f 720/3/343 722/3/387 725/3/386
f 720/3/343 725/3/386 723/3/344
f 722/3/387 721/3/336 724/3/331
f 722/3/387 724/3/331 725/3/386
f 723/3/344 725/3/386 728/3/385
f 723/3/344 728/3/385 726/3/345
f 725/3/386 724/3/331 727/3/330
f 725/3/386 727/3/330 728/3/385
f 726/3/345 728/3/385 707/3/384
f 726/3/345 707/3/384 706/3/346
f 728/3/385 727/3/330 705/3/334
f 728/3/385 705/3/334 707/3/384
f 705/3/334 682/3/335 684/3/320
f 705/3/334 684/3/320 709/3/319
f 736/3/307 767/3/306 746/3/308
f 736/3/307 746/3/308 729/3/309
f 731/3/313 752/3/390 755/3/301
f 731/3/313 755/3/301 732/3/300
f 732/3/300 755/3/301 758/3/302
f 732/3/300 758/3/302 733/3/303
f 733/3/303 758/3/302 761/3/388
f 733/3/303 761/3/388 734/3/315
f 734/3/315 761/3/388 764/3/392
f 734/3/315 764/3/392 735/3/304
f 735/3/304 764/3/392 767/3/306
f 735/3/304 767/3/306 736/3/307
f 729/3/309 746/3/308 749/3/389
f 729/3/309 749/3/389 730/3/311
f 730/3/311 749/3/389 752/3/390
f 730/3/311 752/3/390 731/3/313
f 732/3/300 733/3/303 741/3/327
f 732/3/300 741/3/327 740/3/322
f 800/3/331 803/3/336 778/3/339
f 800/3/331 778/3/339 775/3/332
f 735/3/304 736/3/307 744/3/317
f 735/3/304 744/3/317 743/3/324
f 730/3/311 731/3/313 739/3/323
f 730/3/311 739/3/323 738/3/326
f 733/3/303 734/3/315 742/3/325
f 733/3/303 742/3/325 741/3/327
f 736/3/307 729/3/309 737/3/316
f 736/3/307 737/3/316 744/3/317
f 729/3/309 730/3/311 738/3/326
f 729/3/309 738/3/326 737/3/316
f 731/3/313 732/3/300 740/3/322
f 731/3/313 740/3/322 739/3/323
f 734/3/315 735/3/304 743/3/324
f 734/3/315 743/3/324 742/3/325
f 738/3/326 739/3/323 799/3/344
f 738/3/326 799/3/344 796/3/345
f 809/3/341 812/3/318 787/3/321
f 809/3/341 787/3/321 784/3/342
f 803/3/336 806/3/337 781/3/338
f 803/3/336 781/3/338 778/3/339
f 815/3/319 793/3/334 770/3/335
f 815/3/319 770/3/335 790/3/320
f 737/3/316 738/3/326 796/3/345
f 737/3/316 796/3/345 794/3/346
f 812/3/318 815/3/319 790/3/320
f 812/3/318 790/3/320 787/3/321
f 806/3/337 809/3/341 784/3/342
f 806/3/337 784/3/342 781/3/338
f 797/3/330 800/3/331 775/3/332
f 797/3/330 775/3/332 772/3/333
f 743/3/324 744/3/317 814/3/347
f 743/3/324 814/3/347 811/3/328
f 741/3/327 742/3/325 808/3/329
f 741/3/327 808/3/329 805/3/340
f 739/3/323 740/3/322 802/3/343
f 739/3/323 802/3/343 799/3/344
f 742/3/325 743/3/324 811/3/328
f 742/3/325 811/3/328 808/3/329
f 740/3/322 741/3/327 805/3/340
f 740/3/322 805/3/340 802/3/343
f 791/3/352 769/3/353 773/3/354
f 773/3/354 776/3/355 779/3/348
f 779/3/348 782/3/349 785/3/350
f 785/3/350 788/3/351 791/3/352
f 791/3/352 773/3/354 779/3/348
f 779/3/348 785/3/350 791/3/352
f 749/3/389 746/3/308 747/3/364
f 749/3/389 747/3/364 750/3/366
f 750/3/366 747/3/364 745/3/365
f 750/3/366 745/3/365 748/3/367
f 752/3/390 749/3/389 750/3/366
f 752/3/390 750/3/366 753/3/368
f 753/3/368 750/3/366 748/3/367
f 753/3/368 748/3/367 751/3/369
f 755/3/301 752/3/390 753/3/368
f 755/3/301 753/3/368 756/3/370
f 756/3/370 753/3/368 751/3/369
f 756/3/370 751/3/369 754/3/371
f 758/3/302 755/3/301 756/3/370
f 758/3/302 756/3/370 759/3/356
f 759/3/356 756/3/370 754/3/371
f 759/3/356 754/3/371 757/3/358
f 761/3/388 758/3/302 759/3/356
f 761/3/388 759/3/356 762/3/357
f 762/3/357 759/3/356 757/3/358
f 762/3/357 757/3/358 760/3/359
f 764/3/392 761/3/388 762/3/357
f 764/3/392 762/3/357 765/3/360
f 765/3/360 762/3/357 760/3/359
f 765/3/360 760/3/359 763/3/361
f 767/3/306 764/3/392 765/3/360
f 767/3/306 765/3/360 768/3/362
f 768/3/362 765/3/360 763/3/361
f 768/3/362 763/3/361 766/3/363
f 746/3/308 767/3/306 768/3/362
f 746/3/308 768/3/362 747/3/364
f 747/3/364 768/3/362 766/3/363
f 747/3/364 766/3/363 745/3/365
f 751/3/369 748/3/367 745/3/365
f 745/3/365 766/3/363 763/3/361
f 763/3/361 760/3/359 757/3/358
f 757/3/358 754/3/371 751/3/369
f 751/3/369 745/3/365 763/3/361
f 763/3/361 757/3/358 751/3/369
f 770/3/335 772/3/333 774/3/377
f 770/3/335 774/3/377 771/3/376
f 771/3/376 774/3/377 773/3/354
f 771/3/376 773/3/354 769/3/353
f 772/3/333 775/3/332 777/3/378
f 772/3/333 777/3/378 774/3/377
f 774/3/377 777/3/378 776/3/355
f 774/3/377 776/3/355 773/3/354
f 775/3/332 778/3/339 780/3/379
f 775/3/332 780/3/379 777/3/378
f 777/3/378 780/3/379 779/3/348
f 777/3/378 779/3/348 776/3/355
f 778/3/339 781/3/338 783/3/373
f 778/3/339 783/3/373 780/3/379
f 780/3/379 783/3/373 782/3/349
f 780/3/379 782/3/349 779/3/348
f 781/3/338 784/3/342 786/3/372
f 781/3/338 786/3/372 783/3/373
f 783/3/373 786/3/372 785/3/350
f 783/3/373 785/3/350 782/3/349
f 784/3/342 787/3/321 789/3/374
f 784/3/342 789/3/374 786/3/372
f 786/3/372 789/3/374 788/3/351
f 786/3/372 788/3/351 785/3/350
f 787/3/321 790/3/320 792/3/375
f 787/3/321 792/3/375 789/3/374
f 789/3/374 792/3/375 791/3/352
f 789/3/374 791/3/352 788/3/351
f 790/3/320 770/3/335 771/3/376
f 790/3/320 771/3/376 792/3/375
f 792/3/375 771/3/376 769/3/353
f 792/3/375 769/3/353 791/3/352
f 744/3/317 737/3/316 794/3/346
f 744/3/317 794/3/346 814/3/347
f 794/3/346 796/3/345 798/3/385
f 794/3/346 798/3/385 795/3/384
f 795/3/384 798/3/385 797/3/330
f 795/3/384 797/3/330 793/3/334
f 796/3/345 799/3/344 801/3/386
f 796/3/345 801/3/386 798/3/385
f 798/3/385 801/3/386 800/3/331
f 798/3/385 800/3/331 797/3/330
f 799/3/344 802/3/343 804/3/387
f 799/3/344 804/3/387 801/3/386
f 801/3/386 804/3/387 803/3/336
f 801/3/386 803/3/336 800/3/331
f 802/3/343 805/3/340 807/3/381
f 802/3/343 807/3/381 804/3/387
f 804/3/387 807/3/381 806/3/337
f 804/3/387 806/3/337 803/3/336
f 805/3/340 808/3/329 810/3/380
f 805/3/340 810/3/380 807/3/381
f 807/3/381 810/3/380 809/3/341
f 807/3/381 809/3/341 806/3/337
f 808/3/329 811/3/328 813/3/382
f 808/3/329 813/3/382 810/3/380
f 810/3/380 813/3/382 812/3/318
f 810/3/380 812/3/318 809/3/341
f 811/3/328 814/3/347 816/3/383
f 811/3/328 816/3/383 813/3/382
f 813/3/382 816/3/383 815/3/319
f 813/3/382 815/3/319 812/3/318
f 814/3/347 794/3/346 795/3/384
f 814/3/347 795/3/384 816/3/383
f 816/3/383 795/3/384 793/3/334
f 816/3/383 793/3/334 815/3/319
f 793/3/334 797/3/330 772/3/333
f 793/3/334 772/3/333 770/3/335
s 0
f 819/4/54 822/5/54 828/6/54
f 819/4/54 828/6/54 825/7/54
f 823/8/394 827/8/394 839/8/394
f 823/8/394 839/8/394 835/8/394
f 837/9/3 840/10/3 834/11/3
f 837/9/3 834/11/3 831/12/3
f 829/12/395 832/11/395 820/13/395
f 829/12/395 820/13/395 817/14/395
f 824/15/396 836/9/396 830/12/396
f 824/15/396 830/12/396 818/16/396
f 838/10/397 826/17/397 821/18/397
f 838/10/397 821/18/397 833/11/397
f 843/4/3 849/7/3 852/6/3
f 843/4/3 852/6/3 846/5/3
f 847/8/394 859/8/394 863/8/394
f 847/8/394 863/8/394 851/8/394
f 861/9/54 855/12/54 858/11/54
f 861/9/54 858/11/54 864/10/54
f 853/12/395 841/14/395 844/13/395
f 853/12/395 844/13/395 856/11/395
f 848/15/396 842/16/396 854/12/396
f 848/15/396 854/12/396 860/9/396
f 862/10/397 857/11/397 845/18/397
f 862/10/397 845/18/397 850/17/397
f 867/4/54 873/7/54 876/6/54
f 867/4/54 876/6/54 870/5/54
f 871/8/398 883/8/398 887/8/398
f 871/8/398 887/8/398 875/8/398
f 885/9/3 879/12/3 882/11/3
f 885/9/3 882/11/3 888/10/3
f 877/12/399 865/14/399 868/13/399
f 877/12/399 868/13/399 880/11/399
f 872/15/400 866/16/400 878/12/400
f 872/15/400 878/12/400 884/9/400
f 886/10/401 881/11/401 869/18/401
f 886/10/401 869/18/401 874/17/401
f 891/4/3 894/5/3 900/6/3
f 891/4/3 900/6/3 897/7/3
f 895/8/398 899/8/398 911/8/398
f 895/8/398 911/8/398 907/8/398
f 909/9/54 912/10/54 906/11/54
f 909/9/54 906/11/54 903/12/54
f 901/12/399 904/11/399 892/13/399
f 901/12/399 892/13/399 889/14/399
f 896/15/400 908/9/400 902/12/400
f 896/15/400 902/12/400 890/16/400
f 910/10/401 898/17/401 893/18/401
f 910/10/401 893/18/401 905/11/401
s 1
f 913/19/402 914/19/403 916/19/404
f 913/19/402 916/19/404 915/19/405
f 915/19/405 916/19/404 920/19/406
f 915/19/405 920/19/406 919/19/407
f 919/19/407 920/19/406 918/19/408
f 919/19/407 918/19/408 917/19/409
f 917/19/409 918/19/408 914/19/403
f 917/19/409 914/19/403 913/19/402
f 915/19/405 919/19/407 917/19/409
f 915/19/405 917/19/409 913/19/402
f 920/19/406 916/19/404 914/19/403
f 920/19/406 914/19/403 918/19/408
f 933/20/410 937/20/411 924/20/412
f 933/20/410 924/20/412 922/20/413
f 939/20/414 941/20/415 945/20/416
f 939/20/414 945/20/416 946/20/417
f 943/20/418 930/20/419 925/20/420
f 943/20/418 925/20/420 936/20/421
f 930/20/419 932/20/422 951/20/423
f 930/20/419 951/20/423 952/20/424
f 927/20/425 931/20/426 942/20/427
f 927/20/425 942/20/427 940/20/428
f 939/20/414 928/20/429 929/20/430
f 939/20/414 929/20/430 941/20/415
f 941/20/415 929/20/430 927/20/425
f 941/20/415 927/20/425 940/20/428
f 930/20/419 943/20/418 944/20/431
f 930/20/419 944/20/431 932/20/422
f 932/20/422 944/20/431 942/20/427
f 932/20/422 942/20/427 931/20/426
f 921/20/432 934/20/433 935/20/434
f 921/20/432 935/20/434 923/20/435
f 923/20/435 935/20/434 933/20/410
f 923/20/435 933/20/410 922/20/413
f 936/20/421 925/20/420 926/20/436
f 936/20/421 926/20/436 938/20/437
f 938/20/437 926/20/436 924/20/412
f 938/20/437 924/20/412 937/20/411
f 928/20/429 939/20/414 934/20/433
f 928/20/429 934/20/433 921/20/432
f 949/20/438 956/20/439 980/20/440
f 949/20/438 980/20/440 973/20/441
f 958/20/442 957/20/443 981/20/444
f 958/20/442 981/20/444 982/20/445
f 922/20/413 924/20/412 968/20/446
f 922/20/413 968/20/446 961/20/447
f 926/20/436 925/20/420 965/20/448
f 926/20/436 965/20/448 966/20/449
f 935/20/434 934/20/433 959/20/450
f 935/20/434 959/20/450 960/20/451
f 925/20/420 930/20/419 952/20/424
f 925/20/420 952/20/424 965/20/448
f 944/20/431 943/20/418 953/20/452
f 944/20/431 953/20/452 954/20/453
f 929/20/430 928/20/429 947/20/454
f 929/20/430 947/20/454 948/20/455
f 931/20/426 927/20/425 950/20/456
f 931/20/426 950/20/456 955/20/457
f 938/20/437 937/20/411 967/20/458
f 938/20/437 967/20/458 963/20/459
f 923/20/435 922/20/413 961/20/447
f 923/20/435 961/20/447 957/20/443
f 937/20/411 933/20/410 962/20/460
f 937/20/411 962/20/460 967/20/458
f 932/20/422 931/20/426 955/20/457
f 932/20/422 955/20/457 951/20/423
f 924/20/412 926/20/436 966/20/449
f 924/20/412 966/20/449 968/20/446
f 941/20/415 940/20/428 949/20/438
f 941/20/415 949/20/438 945/20/416
f 933/20/410 935/20/434 960/20/451
f 933/20/410 960/20/451 962/20/460
f 943/20/418 936/20/421 964/20/461
f 943/20/418 964/20/461 953/20/452
f 942/20/427 944/20/431 954/20/453
f 942/20/427 954/20/453 956/20/439
f 927/20/425 929/20/430 948/20/455
f 927/20/425 948/20/455 950/20/456
f 940/20/428 942/20/427 956/20/439
f 940/20/428 956/20/439 949/20/438
f 928/20/429 921/20/432 958/20/442
f 928/20/429 958/20/442 947/20/454
f 936/20/421 938/20/437 963/20/459
f 936/20/421 963/20/459 964/20/461
f 921/20/432 923/20/435 957/20/443
f 921/20/432 957/20/443 958/20/442
f 934/20/433 939/20/414 946/20/417
f 934/20/433 946/20/417 959/20/450
f 983/20/462 970/20/463 969/20/464
f 969/20/464 973/20/441 980/20/440
f 980/20/440 978/20/465 977/20/466
f 977/20/466 988/20/467 987/20/468
f 987/20/468 991/20/469 986/20/470
f 986/20/470 984/20/471 983/20/462
f 983/20/462 969/20/464 980/20/440
f 980/20/440 977/20/466 987/20/468
f 987/20/468 986/20/470 983/20/462
f 980/20/440 987/20/468 983/20/462
f 971/20/472 982/20/445 981/20/444
f 981/20/444 985/20/473 992/20/474
f 992/20/474 990/20/475 989/20/476
f 989/20/476 976/20/477 975/20/478
f 975/20/478 979/20/479 974/20/480
f 974/20/480 972/20/481 971/20/472
f 971/20/472 981/20/444 992/20/474
f 992/20/474 989/20/476 975/20/478
f 975/20/478 974/20/480 971/20/472
f 992/20/474 975/20/478 971/20/472
f 948/20/455 947/20/454 971/20/472
f 948/20/455 971/20/472 972/20/481
f 947/20/454 958/20/442 982/20/445
f 947/20/454 982/20/445 971/20/472
f 960/20/451 959/20/450 983/20/462
f 960/20/451 983/20/462 984/20/471
f 945/20/416 949/20/438 973/20/441
f 945/20/416 973/20/441 969/20/464
f 959/20/450 946/20/417 970/20/463
f 959/20/450 970/20/463 983/20/462
f 957/20/443 961/20/447 985/20/473
f 957/20/443 985/20/473 981/20/444
f 950/20/456 948/20/455 972/20/481
f 950/20/456 972/20/481 974/20/480
f 961/20/447 968/20/446 992/20/474
f 961/20/447 992/20/474 985/20/473
f 962/20/460 960/20/451 984/20/471
f 962/20/460 984/20/471 986/20/470
f 952/20/424 951/20/423 975/20/478
f 952/20/424 975/20/478 976/20/477
f 965/20/448 952/20/424 976/20/477
f 965/20/448 976/20/477 989/20/476
f 964/20/461 963/20/459 987/20/468
f 964/20/461 987/20/468 988/20/467
f 954/20/453 953/20/452 977/20/466
f 954/20/453 977/20/466 978/20/465
f 955/20/457 950/20/456 974/20/480
f 955/20/457 974/20/480 979/20/479
f 966/20/449 965/20/448 989/20/476
f 966/20/449 989/20/476 990/20/475
f 951/20/423 955/20/457 979/20/479
f 951/20/423 979/20/479 975/20/478
f 967/20/458 962/20/460 986/20/470
f 967/20/458 986/20/470 991/20/469
f 963/20/459 967/20/458 991/20/469
f 963/20/459 991/20/469 987/20/468
f 956/20/439 954/20/453 978/20/465
f 956/20/439 978/20/465 980/20/440
f 953/20/452 964/20/461 988/20/467
f 953/20/452 988/20/467 977/20/466
f 946/20/417 945/20/416 969/20/464
f 946/20/417 969/20/464 970/20/463
f 968/20/446 966/20/449 990/20/475
f 968/20/446 990/20/475 992/20/474
f 1005/20/413 994/20/410 996/20/411
f 1005/20/413 996/20/411 1009/20/412
f 1011/20/429 1018/20/454 1017/20/455
f 1011/20/429 1017/20/455 1013/20/430
f 1015/20/419 1008/20/420 997/20/421
f 1015/20/419 997/20/421 1002/20/418
f 1002/20/418 1024/20/452 1023/20/453
f 1002/20/418 1023/20/453 1004/20/431
f 999/20/428 1012/20/425 1014/20/426
f 999/20/428 1014/20/426 1003/20/427
f 1011/20/429 1013/20/430 1001/20/415
f 1011/20/429 1001/20/415 1000/20/414
f 1013/20/430 1012/20/425 999/20/428
f 1013/20/430 999/20/428 1001/20/415
f 1002/20/418 1004/20/431 1016/20/422
f 1002/20/418 1016/20/422 1015/20/419
f 1004/20/431 1003/20/427 1014/20/426
f 1004/20/431 1014/20/426 1016/20/422
f 993/20/433 995/20/434 1007/20/435
f 993/20/433 1007/20/435 1006/20/432
f 995/20/434 994/20/410 1005/20/413
f 995/20/434 1005/20/413 1007/20/435
f 1008/20/420 1010/20/436 998/20/437
f 1008/20/420 998/20/437 997/20/421
f 1010/20/436 1009/20/412 996/20/411
f 1010/20/436 996/20/411 998/20/437
f 1000/20/414 993/20/433 1006/20/432
f 1000/20/414 1006/20/432 1011/20/429
f 1021/20/456 1045/20/480 1052/20/479
f 1021/20/456 1052/20/479 1028/20/457
f 1030/20/450 1054/20/462 1053/20/471
f 1030/20/450 1053/20/471 1029/20/451
f 994/20/410 1033/20/460 1040/20/458
f 994/20/410 1040/20/458 996/20/411
f 998/20/437 1038/20/459 1037/20/461
f 998/20/437 1037/20/461 997/20/421
f 1007/20/435 1032/20/443 1031/20/442
f 1007/20/435 1031/20/442 1006/20/432
f 997/20/421 1037/20/461 1024/20/452
f 997/20/421 1024/20/452 1002/20/418
f 1016/20/422 1026/20/423 1025/20/424
f 1016/20/422 1025/20/424 1015/20/419
f 1001/20/415 1020/20/416 1019/20/417
f 1001/20/415 1019/20/417 1000/20/414
f 1003/20/427 1027/20/439 1022/20/438
f 1003/20/427 1022/20/438 999/20/428
f 1010/20/436 1035/20/449 1039/20/446
f 1010/20/436 1039/20/446 1009/20/412
f 995/20/434 1029/20/451 1033/20/460
f 995/20/434 1033/20/460 994/20/410
f 1009/20/412 1039/20/446 1034/20/447
f 1009/20/412 1034/20/447 1005/20/413
f 1004/20/431 1023/20/453 1027/20/439
f 1004/20/431 1027/20/439 1003/20/427
f 996/20/411 1040/20/458 1038/20/459
f 996/20/411 1038/20/459 998/20/437
f 1013/20/430 1017/20/455 1021/20/456
f 1013/20/430 1021/20/456 1012/20/425
f 1005/20/413 1034/20/447 1032/20/443
f 1005/20/413 1032/20/443 1007/20/435
f 1015/20/419 1025/20/424 1036/20/448
f 1015/20/419 1036/20/448 1008/20/420
f 1014/20/426 1028/20/457 1026/20/423
f 1014/20/426 1026/20/423 1016/20/422
f 999/20/428 1022/20/438 1020/20/416
f 999/20/428 1020/20/416 1001/20/415
f 1012/20/425 1021/20/456 1028/20/457
f 1012/20/425 1028/20/457 1014/20/426
f 1000/20/414 1019/20/417 1030/20/450
f 1000/20/414 1030/20/450 993/20/433
f 1008/20/420 1036/20/448 1035/20/449
f 1008/20/420 1035/20/449 1010/20/436
f 993/20/433 1030/20/450 1029/20/451
f 993/20/433 1029/20/451 995/20/434
f 1006/20/432 1031/20/442 1018/20/454
f 1006/20/432 1018/20/454 1011/20/429
f 1041/20/481 1042/20/472 1055/20/445
f 1055/20/445 1056/20/444 1058/20/473
f 1058/20/473 1063/20/474 1059/20/475
f 1059/20/475 1060/20/476 1049/20/477
f 1049/20/477 1050/20/478 1052/20/479
f 1052/20/479 1045/20/480 1041/20/481
f 1041/20/481 1055/20/445 1058/20/473
f 1058/20/473 1059/20/475 1049/20/477
f 1049/20/477 1052/20/479 1041/20/481
f 1058/20/473 1049/20/477 1041/20/481
f 1053/20/471 1054/20/462 1043/20/463
f 1043/20/463 1044/20/464 1046/20/441
f 1046/20/441 1051/20/440 1047/20/465
f 1047/20/465 1048/20/466 1061/20/467
f 1061/20/467 1062/20/468 1064/20/469
f 1064/20/469 1057/20/470 1053/20/471
f 1053/20/471 1043/20/463 1046/20/441
f 1046/20/441 1047/20/465 1061/20/467
f 1061/20/467 1064/20/469 1053/20/471
f 1046/20/441 1061/20/467 1053/20/471
f 1020/20/416 1044/20/464 1043/20/463
f 1020/20/416 1043/20/463 1019/20/417
f 1019/20/417 1043/20/463 1054/20/462
f 1019/20/417 1054/20/462 1030/20/450
f 1032/20/443 1056/20/444 1055/20/445
f 1032/20/443 1055/20/445 1031/20/442
f 1017/20/455 1041/20/481 1045/20/480
f 1017/20/455 1045/20/480 1021/20/456
f 1031/20/442 1055/20/445 1042/20/472
f 1031/20/442 1042/20/472 1018/20/454
f 1029/20/451 1053/20/471 1057/20/470
f 1029/20/451 1057/20/470 1033/20/460
f 1022/20/438 1046/20/441 1044/20/464
f 1022/20/438 1044/20/464 1020/20/416
f 1033/20/460 1057/20/470 1064/20/469
f 1033/20/460 1064/20/469 1040/20/458
f 1034/20/447 1058/20/473 1056/20/444
f 1034/20/447 1056/20/444 1032/20/443
f 1024/20/452 1048/20/466 1047/20/465
f 1024/20/452 1047/20/465 1023/20/453
f 1037/20/461 1061/20/467 1048/20/466
f 1037/20/461 1048/20/466 1024/20/452
f 1036/20/448 1060/20/476 1059/20/475
f 1036/20/448 1059/20/475 1035/20/449
f 1026/20/423 1050/20/478 1049/20/477
f 1026/20/423 1049/20/477 1025/20/424
f 1027/20/439 1051/20/440 1046/20/441
f 1027/20/439 1046/20/441 1022/20/438
f 1038/20/459 1062/20/468 1061/20/467
f 1038/20/459 1061/20/467 1037/20/461
f 1023/20/453 1047/20/465 1051/20/440
f 1023/20/453 1051/20/440 1027/20/439
f 1039/20/446 1063/20/474 1058/20/473
f 1039/20/446 1058/20/473 1034/20/447
f 1035/20/449 1059/20/475 1063/20/474
f 1035/20/449 1063/20/474 1039/20/446
f 1028/20/457 1052/20/479 1050/20/478
f 1028/20/457 1050/20/478 1026/20/423
f 1025/20/424 1049/20/477 1060/20/476
f 1025/20/424 1060/20/476 1036/20/448
f 1018/20/454 1042/20/472 1041/20/481
f 1018/20/454 1041/20/481 1017/20/455
f 1040/20/458 1064/20/469 1062/20/468
f 1040/20/458 1062/20/468 1038/20/459
f 1077/20/428 1066/20/425 1068/20/426
f 1077/20/428 1068/20/426 1081/20/427
f 1083/20/433 1090/20/450 1089/20/451
f 1083/20/433 1089/20/451 1085/20/434
f 1087/20/421 1080/20/418 1069/20/419
f 1087/20/421 1069/20/419 1074/20/420
f 1074/20/420 1096/20/448 1095/20/449
f 1074/20/420 1095/20/449 1076/20/436
f 1071/20/413 1084/20/410 1086/20/411
f 1071/20/413 1086/20/411 1075/20/412
f 1083/20/433 1085/20/434 1073/20/435
f 1083/20/433 1073/20/435 1072/20/432
f 1085/20/434 1084/20/410 1071/20/413
f 1085/20/434 1071/20/413 1073/20/435
f 1074/20/420 1076/20/436 1088/20/437
f 1074/20/420 1088/20/437 1087/20/421
f 1076/20/436 1075/20/412 1086/20/411
f 1076/20/436 1086/20/411 1088/20/437
f 1065/20/429 1067/20/430 1079/20/415
f 1065/20/429 1079/20/415 1078/20/414
f 1067/20/430 1066/20/425 1077/20/428
f 1067/20/430 1077/20/428 1079/20/415
f 1080/20/418 1082/20/431 1070/20/422
f 1080/20/418 1070/20/422 1069/20/419
f 1082/20/431 1081/20/427 1068/20/426
f 1082/20/431 1068/20/426 1070/20/422
f 1072/20/432 1065/20/429 1078/20/414
f 1072/20/432 1078/20/414 1083/20/433
f 1093/20/460 1117/20/470 1124/20/469
f 1093/20/460 1124/20/469 1100/20/458
f 1102/20/454 1126/20/472 1125/20/481
f 1102/20/454 1125/20/481 1101/20/455
f 1066/20/425 1105/20/456 1112/20/457
f 1066/20/425 1112/20/457 1068/20/426
f 1070/20/422 1110/20/423 1109/20/424
f 1070/20/422 1109/20/424 1069/20/419
f 1079/20/415 1104/20/416 1103/20/417
f 1079/20/415 1103/20/417 1078/20/414
f 1069/20/419 1109/20/424 1096/20/448
f 1069/20/419 1096/20/448 1074/20/420
f 1088/20/437 1098/20/459 1097/20/461
f 1088/20/437 1097/20/461 1087/20/421
f 1073/20/435 1092/20/443 1091/20/442
f 1073/20/435 1091/20/442 1072/20/432
f 1075/20/412 1099/20/446 1094/20/447
f 1075/20/412 1094/20/447 1071/20/413
f 1082/20/431 1107/20/453 1111/20/439
f 1082/20/431 1111/20/439 1081/20/427
f 1067/20/430 1101/20/455 1105/20/456
f 1067/20/430 1105/20/456 1066/20/425
f 1081/20/427 1111/20/439 1106/20/438
f 1081/20/427 1106/20/438 1077/20/428
f 1076/20/436 1095/20/449 1099/20/446
f 1076/20/436 1099/20/446 1075/20/412
f 1068/20/426 1112/20/457 1110/20/423
f 1068/20/426 1110/20/423 1070/20/422
f 1085/20/434 1089/20/451 1093/20/460
f 1085/20/434 1093/20/460 1084/20/410
f 1077/20/428 1106/20/438 1104/20/416
f 1077/20/428 1104/20/416 1079/20/415
f 1087/20/421 1097/20/461 1108/20/452
f 1087/20/421 1108/20/452 1080/20/418
f 1086/20/411 1100/20/458 1098/20/459
f 1086/20/411 1098/20/459 1088/20/437
f 1071/20/413 1094/20/447 1092/20/443
f 1071/20/413 1092/20/443 1073/20/435
f 1084/20/410 1093/20/460 1100/20/458
f 1084/20/410 1100/20/458 1086/20/411
f 1072/20/432 1091/20/442 1102/20/454
f 1072/20/432 1102/20/454 1065/20/429
f 1080/20/418 1108/20/452 1107/20/453
f 1080/20/418 1107/20/453 1082/20/431
f 1065/20/429 1102/20/454 1101/20/455
f 1065/20/429 1101/20/455 1067/20/430
f 1078/20/414 1103/20/417 1090/20/450
f 1078/20/414 1090/20/450 1083/20/433
f 1113/20/471 1114/20/462 1127/20/463
f 1127/20/463 1128/20/464 1130/20/441
f 1130/20/441 1135/20/440 1131/20/465
f 1131/20/465 1132/20/466 1121/20/467
f 1121/20/467 1122/20/468 1124/20/469
f 1124/20/469 1117/20/470 1113/20/471
f 1113/20/471 1127/20/463 1130/20/441
f 1130/20/441 1131/20/465 1121/20/467
f 1121/20/467 1124/20/469 1113/20/471
f 1130/20/441 1121/20/467 1113/20/471
f 1125/20/481 1126/20/472 1115/20/445
f 1115/20/445 1116/20/444 1118/20/473
f 1118/20/473 1123/20/474 1119/20/475
f 1119/20/475 1120/20/476 1133/20/477
f 1133/20/477 1134/20/478 1136/20/479
f 1136/20/479 1129/20/480 1125/20/481
f 1125/20/481 1115/20/445 1118/20/473
f 1118/20/473 1119/20/475 1133/20/477
f 1133/20/477 1136/20/479 1125/20/481
f 1118/20/473 1133/20/477 1125/20/481
f 1092/20/443 1116/20/444 1115/20/445
f 1092/20/443 1115/20/445 1091/20/442
f 1091/20/442 1115/20/445 1126/20/472
f 1091/20/442 1126/20/472 1102/20/454
f 1104/20/416 1128/20/464 1127/20/463
f 1104/20/416 1127/20/463 1103/20/417
f 1089/20/451 1113/20/471 1117/20/470
f 1089/20/451 1117/20/470 1093/20/460
f 1103/20/417 1127/20/463 1114/20/462
f 1103/20/417 1114/20/462 1090/20/450
f 1101/20/455 1125/20/481 1129/20/480
f 1101/20/455 1129/20/480 1105/20/456
f 1094/20/447 1118/20/473 1116/20/444
f 1094/20/447 1116/20/444 1092/20/443
f 1105/20/456 1129/20/480 1136/20/479
f 1105/20/456 1136/20/479 1112/20/457
f 1106/20/438 1130/20/441 1128/20/464
f 1106/20/438 1128/20/464 1104/20/416
f 1096/20/448 1120/20/476 1119/20/475
f 1096/20/448 1119/20/475 1095/20/449
f 1109/20/424 1133/20/477 1120/20/476
f 1109/20/424 1120/20/476 1096/20/448
f 1108/20/452 1132/20/466 1131/20/465
f 1108/20/452 1131/20/465 1107/20/453
f 1098/20/459 1122/20/468 1121/20/467
f 1098/20/459 1121/20/467 1097/20/461
f 1099/20/446 1123/20/474 1118/20/473
f 1099/20/446 1118/20/473 1094/20/447
f 1110/20/423 1134/20/478 1133/20/477
f 1110/20/423 1133/20/477 1109/20/424
f 1095/20/449 1119/20/475 1123/20/474
f 1095/20/449 1123/20/474 1099/20/446
f 1111/20/439 1135/20/440 1130/20/441
f 1111/20/439 1130/20/441 1106/20/438
f 1107/20/453 1131/20/465 1135/20/440
f 1107/20/453 1135/20/440 1111/20/439
f 1100/20/458 1124/20/469 1122/20/468
f 1100/20/458 1122/20/468 1098/20/459
f 1097/20/461 1121/20/467 1132/20/466
f 1097/20/461 1132/20/466 1108/20/452
f 1090/20/450 1114/20/462 1113/20/471
f 1090/20/450 1113/20/471 1089/20/451
f 1112/20/457 1136/20/479 1134/20/478
f 1112/20/457 1134/20/478 1110/20/423
f 1149/20/425 1153/20/426 1140/20/427
f 1149/20/425 1140/20/427 1138/20/428
f 1155/20/432 1157/20/435 1161/20/443
f 1155/20/432 1161/20/443 1162/20/442
f 1159/20/420 1146/20/421 1141/20/418
f 1159/20/420 1141/20/418 1152/20/419
f 1146/20/421 1148/20/437 1167/20/459
f 1146/20/421 1167/20/459 1168/20/461
f 1143/20/410 1147/20/411 1158/20/412
f 1143/20/410 1158/20/412 1156/20/413
f 1155/20/432 1144/20/433 1145/20/434
f 1155/20/432 1145/20/434 1157/20/435
f 1157/20/435 1145/20/434 1143/20/410
f 1157/20/435 1143/20/410 1156/20/413
f 1146/20/421 1159/20/420 1160/20/436
f 1146/20/421 1160/20/436 1148/20/437
f 1148/20/437 1160/20/436 1158/20/412
f 1148/20/437 1158/20/412 1147/20/411
f 1137/20/414 1150/20/429 1151/20/430
f 1137/20/414 1151/20/430 1139/20/415
f 1139/20/415 1151/20/430 1149/20/425
f 1139/20/415 1149/20/425 1138/20/428
f 1152/20/419 1141/20/418 1142/20/431
f 1152/20/419 1142/20/431 1154/20/422
f 1154/20/422 1142/20/431 1140/20/427
f 1154/20/422 1140/20/427 1153/20/426
f 1144/20/433 1155/20/432 1150/20/429
f 1144/20/433 1150/20/429 1137/20/414
f 1165/20/447 1172/20/446 1196/20/474
f 1165/20/447 1196/20/474 1189/20/473
f 1174/20/417 1173/20/416 1197/20/464
f 1174/20/417 1197/20/464 1198/20/463
f 1138/20/428 1140/20/427 1184/20/439
f 1138/20/428 1184/20/439 1177/20/438
f 1142/20/431 1141/20/418 1181/20/452
f 1142/20/431 1181/20/452 1182/20/453
f 1151/20/430 1150/20/429 1175/20/454
f 1151/20/430 1175/20/454 1176/20/455
f 1141/20/418 1146/20/421 1168/20/461
f 1141/20/418 1168/20/461 1181/20/452
f 1160/20/436 1159/20/420 1169/20/448
f 1160/20/436 1169/20/448 1170/20/449
f 1145/20/434 1144/20/433 1163/20/450
f 1145/20/434 1163/20/450 1164/20/451
f 1147/20/411 1143/20/410 1166/20/460
f 1147/20/411 1166/20/460 1171/20/458
f 1154/20/422 1153/20/426 1183/20/457
f 1154/20/422 1183/20/457 1179/20/423
f 1139/20/415 1138/20/428 1177/20/438
f 1139/20/415 1177/20/438 1173/20/416
f 1153/20/426 1149/20/425 1178/20/456
f 1153/20/426 1178/20/456 1183/20/457
f 1148/20/437 1147/20/411 1171/20/458
f 1148/20/437 1171/20/458 1167/20/459
f 1140/20/427 1142/20/431 1182/20/453
f 1140/20/427 1182/20/453 1184/20/439
f 1157/20/435 1156/20/413 1165/20/447
f 1157/20/435 1165/20/447 1161/20/443
f 1149/20/425 1151/20/430 1176/20/455
f 1149/20/425 1176/20/455 1178/20/456
f 1159/20/420 1152/20/419 1180/20/424
f 1159/20/420 1180/20/424 1169/20/448
f 1158/20/412 1160/20/436 1170/20/449
f 1158/20/412 1170/20/449 1172/20/446
f 1143/20/410 1145/20/434 1164/20/451
f 1143/20/410 1164/20/451 1166/20/460
f 1156/20/413 1158/20/412 1172/20/446
f 1156/20/413 1172/20/446 1165/20/447
f 1144/20/433 1137/20/414 1174/20/417
f 1144/20/433 1174/20/417 1163/20/450
f 1152/20/419 1154/20/422 1179/20/423
f 1152/20/419 1179/20/423 1180/20/424
f 1137/20/414 1139/20/415 1173/20/416
f 1137/20/414 1173/20/416 1174/20/417
f 1150/20/429 1155/20/432 1162/20/442
f 1150/20/429 1162/20/442 1175/20/454
f 1199/20/472 1186/20/445 1185/20/444
f 1185/20/444 1189/20/473 1196/20/474
f 1196/20/474 1194/20/475 1193/20/476
f 1193/20/476 1204/20/477 1203/20/478
f 1203/20/478 1207/20/479 1202/20/480
f 1202/20/480 1200/20/481 1199/20/472
f 1199/20/472 1185/20/444 1196/20/474
f 1196/20/474 1193/20/476 1203/20/478
f 1203/20/478 1202/20/480 1199/20/472
f 1196/20/474 1203/20/478 1199/20/472
f 1187/20/462 1198/20/463 1197/20/464
f 1197/20/464 1201/20/441 1208/20/440
f 1208/20/440 1206/20/465 1205/20/466
f 1205/20/466 1192/20/467 1191/20/468
f 1191/20/468 1195/20/469 1190/20/470
f 1190/20/470 1188/20/471 1187/20/462
f 1187/20/462 1197/20/464 1208/20/440
f 1208/20/440 1205/20/466 1191/20/468
f 1191/20/468 1190/20/470 1187/20/462
f 1208/20/440 1191/20/468 1187/20/462
f 1164/20/451 1163/20/450 1187/20/462
f 1164/20/451 1187/20/462 1188/20/471
f 1163/20/450 1174/20/417 1198/20/463
f 1163/20/450 1198/20/463 1187/20/462
f 1176/20/455 1175/20/454 1199/20/472
f 1176/20/455 1199/20/472 1200/20/481
f 1161/20/443 1165/20/447 1189/20/473
f 1161/20/443 1189/20/473 1185/20/444
f 1175/20/454 1162/20/442 1186/20/445
f 1175/20/454 1186/20/445 1199/20/472
f 1173/20/416 1177/20/438 1201/20/441
f 1173/20/416 1201/20/441 1197/20/464
f 1166/20/460 1164/20/451 1188/20/471
f 1166/20/460 1188/20/471 1190/20/470
f 1177/20/438 1184/20/439 1208/20/440
f 1177/20/438 1208/20/440 1201/20/441
f 1178/20/456 1176/20/455 1200/20/481
f 1178/20/456 1200/20/481 1202/20/480
f 1168/20/461 1167/20/459 1191/20/468
f 1168/20/461 1191/20/468 1192/20/467
f 1181/20/452 1168/20/461 1192/20/467
f 1181/20/452 1192/20/467 1205/20/466
f 1180/20/424 1179/20/423 1203/20/478
f 1180/20/424 1203/20/478 1204/20/477
f 1170/20/449 1169/20/448 1193/20/476
f 1170/20/449 1193/20/476 1194/20/475
f 1171/20/458 1166/20/460 1190/20/470
f 1171/20/458 1190/20/470 1195/20/469
f 1182/20/453 1181/20/452 1205/20/466
f 1182/20/453 1205/20/466 1206/20/465
f 1167/20/459 1171/20/458 1195/20/469
f 1167/20/459 1195/20/469 1191/20/468
f 1183/20/457 1178/20/456 1202/20/480
f 1183/20/457 1202/20/480 1207/20/479
f 1179/20/423 1183/20/457 1207/20/479
f 1179/20/423 1207/20/479 1203/20/478
f 1172/20/446 1170/20/449 1194/20/475
f 1172/20/446 1194/20/475 1196/20/474
f 1169/20/448 1180/20/424 1204/20/477
f 1169/20/448 1204/20/477 1193/20/476
f 1162/20/442 1161/20/443 1185/20/444
f 1162/20/442 1185/20/444 1186/20/445
f 1184/20/439 1182/20/453 1206/20/465
f 1184/20/439 1206/20/465 1208/20/440
f 1432/21/482 1421/21/483 1344/21/484
f 1421/21/483 1338/21/485 1344/21/484
f 1277/21/486 1274/21/487 1299/21/488
f 1277/21/486 1299/21/488 1305/21/489
f 1329/21/490 1369/21/491 1352/21/492
f 1329/21/490 1352/21/492 1262/21/493
f 1307/21/494 1364/21/495 1360/21/496
f 1307/21/494 1360/21/496 1244/21/497
f 1213/21/498 1375/21/499 1364/21/495
f 1213/21/498 1364/21/495 1307/21/494
f 1227/21/500 1221/21/501 1316/21/502
f 1227/21/500 1316/21/502 1313/21/503
f 1232/21/504 1226/21/505 1314/21/506
f 1314/21/506 1211/21/507 1209/21/508
f 1209/21/508 1340/21/509 1292/21/510
f 1292/21/510 1295/21/511 1289/21/512
f 1289/21/512 1229/21/513 1232/21/504
f 1232/21/504 1314/21/506 1209/21/508
f 1209/21/508 1292/21/510 1289/21/512
f 1209/21/508 1289/21/512 1232/21/504
f 1218/21/514 1230/21/515 1290/21/516
f 1218/21/514 1290/21/516 1284/21/517
f 1313/21/503 1316/21/502 1236/21/518
f 1313/21/503 1236/21/518 1257/21/519
f 1254/21/520 1239/21/521 1308/21/522
f 1254/21/520 1308/21/522 1311/21/523
f 1262/21/493 1352/21/492 1355/21/524
f 1262/21/493 1355/21/524 1269/21/525
f 1311/21/523 1308/21/522 1245/21/526
f 1311/21/523 1245/21/526 1265/21/527
f 1332/21/528 1319/21/529 1272/21/530
f 1332/21/528 1272/21/530 1301/21/531
f 1274/21/487 1337/21/532 1341/21/533
f 1274/21/487 1341/21/533 1299/21/488
f 1394/21/534 1396/21/535 1414/21/536
f 1394/21/534 1414/21/536 1418/21/537
f 1337/21/532 1281/21/538 1293/21/539
f 1337/21/532 1293/21/539 1341/21/533
f 1242/21/540 1239/21/521 1254/21/520
f 1242/21/540 1254/21/520 1260/21/541
f 1290/21/516 1296/21/542 1287/21/543
f 1290/21/516 1287/21/543 1284/21/517
f 1346/21/544 1354/21/545 1351/21/546
f 1346/21/544 1351/21/546 1349/21/547
f 1304/21/548 1391/21/549 1387/21/550
f 1304/21/548 1387/21/550 1302/21/551
f 1272/21/530 1277/21/486 1305/21/489
f 1272/21/530 1305/21/489 1301/21/531
f 1263/21/552 1268/21/553 1251/21/554
f 1263/21/552 1251/21/554 1247/21/555
f 1227/21/500 1233/21/556 1224/21/557
f 1227/21/500 1224/21/557 1221/21/501
f 1296/21/542 1293/21/539 1281/21/538
f 1296/21/542 1281/21/538 1287/21/543
f 1340/21/509 1411/21/558 1343/21/559
f 1411/21/558 1427/21/560 1343/21/559
f 1275/21/561 1393/21/562 1417/21/563
f 1275/21/561 1417/21/563 1338/21/485
f 1236/21/518 1242/21/540 1260/21/541
f 1236/21/518 1260/21/541 1257/21/519
f 1209/21/508 1211/21/507 1212/21/564
f 1212/21/564 1211/21/507 1210/21/565
f 1213/21/498 1215/21/566 1216/21/567
f 1216/21/567 1215/21/566 1214/21/568
f 1216/21/567 1214/21/568 1320/21/569
f 1216/21/567 1320/21/569 1325/21/570
f 1322/21/571 1379/21/572 1375/21/499
f 1322/21/571 1375/21/499 1213/21/498
f 1209/21/508 1399/21/573 1411/21/558
f 1209/21/508 1411/21/558 1340/21/509
f 1334/21/574 1328/21/575 1323/21/576
f 1334/21/574 1323/21/576 1326/21/577
f 1338/21/485 1421/21/483 1409/21/578
f 1338/21/485 1409/21/578 1214/21/568
f 1213/21/498 1216/21/567 1325/21/570
f 1213/21/498 1325/21/570 1322/21/571
f 1406/21/579 1402/21/580 1388/21/581
f 1406/21/579 1388/21/581 1384/21/582
f 1310/21/583 1366/21/584 1373/21/585
f 1310/21/583 1373/21/585 1210/21/565
f 1269/21/525 1355/21/524 1357/21/586
f 1269/21/525 1357/21/586 1266/21/587
f 1263/21/552 1247/21/555 1323/21/576
f 1263/21/552 1323/21/576 1328/21/575
f 1271/21/588 1385/21/589 1381/21/590
f 1271/21/588 1381/21/590 1278/21/591
f 1302/21/551 1387/21/550 1403/21/592
f 1302/21/551 1403/21/592 1331/21/593
f 1335/21/594 1331/21/593 1209/21/508
f 1335/21/594 1209/21/508 1212/21/564
f 1298/21/595 1397/21/596 1391/21/549
f 1298/21/595 1391/21/549 1304/21/548
f 1266/21/587 1357/21/586 1366/21/584
f 1266/21/587 1366/21/584 1310/21/583
f 1211/21/507 1314/21/506 1256/21/597
f 1256/21/597 1259/21/598 1253/21/599
f 1310/21/583 1210/21/565 1211/21/507
f 1211/21/507 1256/21/597 1253/21/599
f 1253/21/599 1310/21/583 1211/21/507
f 1244/21/497 1360/21/496 1345/21/600
f 1244/21/497 1345/21/600 1250/21/601
f 1423/21/602 1343/21/559 1430/21/603
f 1340/21/509 1415/21/604 1298/21/595
f 1415/21/604 1397/21/596 1298/21/595
f 1376/21/605 1372/21/606 1367/21/607
f 1376/21/605 1367/21/607 1363/21/608
f 1363/21/608 1367/21/607 1358/21/609
f 1363/21/608 1358/21/609 1361/21/610
f 1329/21/490 1335/21/594 1212/21/564
f 1329/21/490 1212/21/564 1210/21/565
f 1408/21/611 1400/21/612 1402/21/580
f 1408/21/611 1402/21/580 1406/21/579
f 1378/21/613 1370/21/614 1372/21/606
f 1378/21/613 1372/21/606 1376/21/605
f 1268/21/553 1265/21/527 1245/21/526
f 1268/21/553 1245/21/526 1251/21/554
f 1382/21/615 1390/21/616 1396/21/535
f 1382/21/615 1396/21/535 1394/21/534
f 1241/21/617 1235/21/618 1317/21/619
f 1215/21/566 1213/21/498 1307/21/494
f 1241/21/617 1317/21/619 1215/21/566
f 1307/21/494 1238/21/620 1241/21/617
f 1215/21/566 1307/21/494 1241/21/617
f 1332/21/528 1334/21/574 1326/21/577
f 1332/21/528 1326/21/577 1319/21/529
f 1250/21/601 1345/21/600 1348/21/621
f 1250/21/601 1348/21/621 1248/21/622
f 1349/21/547 1351/21/546 1370/21/614
f 1349/21/547 1370/21/614 1378/21/613
f 1248/21/622 1348/21/621 1379/21/572
f 1248/21/622 1379/21/572 1322/21/571
f 1210/21/565 1373/21/585 1369/21/491
f 1210/21/565 1369/21/491 1329/21/490
f 1420/21/623 1412/21/624 1400/21/612
f 1420/21/623 1400/21/612 1408/21/611
f 1417/21/563 1436/21/625 1338/21/485
f 1436/21/625 1344/21/484 1338/21/485
f 1418/21/537 1414/21/536 1424/21/626
f 1418/21/537 1424/21/626 1435/21/627
f 1433/21/628 1426/21/629 1412/21/624
f 1433/21/628 1412/21/624 1420/21/623
f 1233/21/556 1230/21/515 1218/21/514
f 1233/21/556 1218/21/514 1224/21/557
f 1340/21/509 1343/21/559 1415/21/604
f 1343/21/559 1423/21/602 1415/21/604
f 1214/21/568 1409/21/578 1405/21/630
f 1214/21/568 1405/21/630 1320/21/569
f 1331/21/593 1403/21/592 1399/21/573
f 1331/21/593 1399/21/573 1209/21/508
f 1320/21/569 1405/21/630 1385/21/589
f 1320/21/569 1385/21/589 1271/21/588
f 1278/21/591 1381/21/590 1393/21/562
f 1278/21/591 1393/21/562 1275/21/561
f 1438/21/631 1435/21/627 1424/21/626
f 1438/21/631 1424/21/626 1429/21/632
f 1432/21/482 1344/21/484 1439/21/633
f 1439/21/633 1344/21/484 1436/21/625
f 1232/21/504 1234/21/634 1228/21/635
f 1232/21/504 1228/21/635 1226/21/505
f 1234/21/634 1233/21/556 1227/21/500
f 1234/21/634 1227/21/500 1228/21/635
f 1220/21/636 1222/21/637 1225/21/638
f 1220/21/636 1225/21/638 1223/21/639
f 1222/21/637 1221/21/501 1224/21/557
f 1222/21/637 1224/21/557 1225/21/638
f 1229/21/513 1231/21/640 1234/21/634
f 1229/21/513 1234/21/634 1232/21/504
f 1231/21/640 1230/21/515 1233/21/556
f 1231/21/640 1233/21/556 1234/21/634
f 1223/21/639 1225/21/638 1219/21/641
f 1223/21/639 1219/21/641 1217/21/642
f 1225/21/638 1224/21/557 1218/21/514
f 1225/21/638 1218/21/514 1219/21/641
f 1241/21/617 1243/21/643 1237/21/644
f 1241/21/617 1237/21/644 1235/21/618
f 1243/21/643 1242/21/540 1236/21/518
f 1243/21/643 1236/21/518 1237/21/644
f 1256/21/597 1258/21/645 1261/21/646
f 1256/21/597 1261/21/646 1259/21/598
f 1258/21/645 1257/21/519 1260/21/541
f 1258/21/645 1260/21/541 1261/21/646
f 1238/21/620 1240/21/647 1243/21/643
f 1238/21/620 1243/21/643 1241/21/617
f 1240/21/647 1239/21/521 1242/21/540
f 1240/21/647 1242/21/540 1243/21/643
f 1259/21/598 1261/21/646 1255/21/648
f 1259/21/598 1255/21/648 1253/21/599
f 1261/21/646 1260/21/541 1254/21/520
f 1261/21/646 1254/21/520 1255/21/648
f 1269/21/525 1270/21/649 1264/21/650
f 1269/21/525 1264/21/650 1262/21/493
f 1270/21/649 1268/21/553 1263/21/552
f 1270/21/649 1263/21/552 1264/21/650
f 1248/21/622 1249/21/651 1252/21/652
f 1248/21/622 1252/21/652 1250/21/601
f 1249/21/651 1247/21/555 1251/21/554
f 1249/21/651 1251/21/554 1252/21/652
f 1266/21/587 1267/21/653 1270/21/649
f 1266/21/587 1270/21/649 1269/21/525
f 1267/21/653 1265/21/527 1268/21/553
f 1267/21/653 1268/21/553 1270/21/649
f 1250/21/601 1252/21/652 1246/21/654
f 1250/21/601 1246/21/654 1244/21/497
f 1252/21/652 1251/21/554 1245/21/526
f 1252/21/652 1245/21/526 1246/21/654
f 1278/21/591 1279/21/655 1273/21/656
f 1278/21/591 1273/21/656 1271/21/588
f 1279/21/655 1277/21/486 1272/21/530
f 1279/21/655 1272/21/530 1273/21/656
f 1302/21/551 1303/21/657 1306/21/658
f 1302/21/551 1306/21/658 1304/21/548
f 1303/21/657 1301/21/531 1305/21/489
f 1303/21/657 1305/21/489 1306/21/658
f 1275/21/561 1276/21/659 1279/21/655
f 1275/21/561 1279/21/655 1278/21/591
f 1276/21/659 1274/21/487 1277/21/486
f 1276/21/659 1277/21/486 1279/21/655
f 1304/21/548 1306/21/658 1300/21/660
f 1304/21/548 1300/21/660 1298/21/595
f 1306/21/658 1305/21/489 1299/21/488
f 1306/21/658 1299/21/488 1300/21/660
f 1295/21/511 1297/21/661 1291/21/662
f 1295/21/511 1291/21/662 1289/21/512
f 1297/21/661 1296/21/542 1290/21/516
f 1297/21/661 1290/21/516 1291/21/662
f 1283/21/663 1285/21/664 1288/21/665
f 1283/21/663 1288/21/665 1286/21/666
f 1285/21/664 1284/21/517 1287/21/543
f 1285/21/664 1287/21/543 1288/21/665
f 1292/21/510 1294/21/667 1297/21/661
f 1292/21/510 1297/21/661 1295/21/511
f 1294/21/667 1293/21/539 1296/21/542
f 1294/21/667 1296/21/542 1297/21/661
f 1286/21/666 1288/21/665 1282/21/668
f 1286/21/666 1282/21/668 1280/21/669
f 1288/21/665 1287/21/543 1281/21/538
f 1288/21/665 1281/21/538 1282/21/668
f 1314/21/506 1315/21/670 1258/21/645
f 1314/21/506 1258/21/645 1256/21/597
f 1315/21/670 1313/21/503 1257/21/519
f 1315/21/670 1257/21/519 1258/21/645
f 1317/21/619 1318/21/671 1222/21/637
f 1317/21/619 1222/21/637 1220/21/636
f 1318/21/671 1316/21/502 1221/21/501
f 1318/21/671 1221/21/501 1222/21/637
f 1308/21/522 1309/21/672 1246/21/654
f 1308/21/522 1246/21/654 1245/21/526
f 1309/21/672 1307/21/494 1244/21/497
f 1309/21/672 1244/21/497 1246/21/654
f 1284/21/517 1285/21/664 1219/21/641
f 1284/21/517 1219/21/641 1218/21/514
f 1285/21/664 1283/21/663 1217/21/642
f 1285/21/664 1217/21/642 1219/21/641
f 1289/21/512 1291/21/662 1231/21/640
f 1289/21/512 1231/21/640 1229/21/513
f 1291/21/662 1290/21/516 1230/21/515
f 1291/21/662 1230/21/515 1231/21/640
f 1311/21/523 1312/21/673 1255/21/648
f 1311/21/523 1255/21/648 1254/21/520
f 1312/21/673 1310/21/583 1253/21/599
f 1312/21/673 1253/21/599 1255/21/648
f 1239/21/521 1240/21/647 1309/21/672
f 1239/21/521 1309/21/672 1308/21/522
f 1240/21/647 1238/21/620 1307/21/494
f 1240/21/647 1307/21/494 1309/21/672
f 1265/21/527 1267/21/653 1312/21/673
f 1265/21/527 1312/21/673 1311/21/523
f 1267/21/653 1266/21/587 1310/21/583
f 1267/21/653 1310/21/583 1312/21/673
f 1226/21/505 1228/21/635 1315/21/670
f 1226/21/505 1315/21/670 1314/21/506
f 1228/21/635 1227/21/500 1313/21/503
f 1228/21/635 1313/21/503 1315/21/670
f 1235/21/618 1237/21/644 1318/21/671
f 1235/21/618 1318/21/671 1317/21/619
f 1237/21/644 1236/21/518 1316/21/502
f 1237/21/644 1316/21/502 1318/21/671
f 1430/21/603 1343/21/559 1427/21/560
f 1433/21/628 1438/21/631 1429/21/632
f 1433/21/628 1429/21/632 1426/21/629
f 1335/21/594 1336/21/674 1333/21/675
f 1335/21/594 1333/21/675 1331/21/593
f 1336/21/674 1334/21/574 1332/21/528
f 1336/21/674 1332/21/528 1333/21/675
f 1320/21/569 1321/21/676 1327/21/677
f 1320/21/569 1327/21/677 1325/21/570
f 1321/21/676 1319/21/529 1326/21/577
f 1321/21/676 1326/21/577 1327/21/677
f 1329/21/490 1330/21/678 1336/21/674
f 1329/21/490 1336/21/674 1335/21/594
f 1330/21/678 1328/21/575 1334/21/574
f 1330/21/678 1334/21/574 1336/21/674
f 1325/21/570 1327/21/677 1324/21/679
f 1325/21/570 1324/21/679 1322/21/571
f 1327/21/677 1326/21/577 1323/21/576
f 1327/21/677 1323/21/576 1324/21/679
f 1319/21/529 1321/21/676 1273/21/656
f 1319/21/529 1273/21/656 1272/21/530
f 1321/21/676 1320/21/569 1271/21/588
f 1321/21/676 1271/21/588 1273/21/656
f 1262/21/493 1264/21/650 1330/21/678
f 1262/21/493 1330/21/678 1329/21/490
f 1264/21/650 1263/21/552 1328/21/575
f 1264/21/650 1328/21/575 1330/21/678
f 1322/21/571 1324/21/679 1249/21/651
f 1322/21/571 1249/21/651 1248/21/622
f 1324/21/679 1323/21/576 1247/21/555
f 1324/21/679 1247/21/555 1249/21/651
f 1331/21/593 1333/21/675 1303/21/657
f 1331/21/593 1303/21/657 1302/21/551
f 1333/21/675 1332/21/528 1301/21/531
f 1333/21/675 1301/21/531 1303/21/657
f 1338/21/485 1339/21/680 1276/21/659
f 1338/21/485 1276/21/659 1275/21/561
f 1339/21/680 1337/21/532 1274/21/487
f 1339/21/680 1274/21/487 1276/21/659
f 1337/21/532 1339/21/680 1282/21/668
f 1337/21/532 1282/21/668 1281/21/538
f 1339/21/680 1338/21/485 1280/21/669
f 1339/21/680 1280/21/669 1282/21/668
f 1298/21/595 1300/21/660 1342/21/681
f 1298/21/595 1342/21/681 1340/21/509
f 1300/21/660 1299/21/488 1341/21/533
f 1300/21/660 1341/21/533 1342/21/681
f 1340/21/509 1342/21/681 1294/21/667
f 1340/21/509 1294/21/667 1292/21/510
f 1342/21/681 1341/21/533 1293/21/539
f 1342/21/681 1293/21/539 1294/21/667
f 1215/21/566 1317/21/619 1220/21/636
f 1220/21/636 1223/21/639 1217/21/642
f 1217/21/642 1283/21/663 1286/21/666
f 1286/21/666 1280/21/669 1338/21/485
f 1338/21/485 1214/21/568 1215/21/566
f 1215/21/566 1220/21/636 1217/21/642
f 1217/21/642 1286/21/666 1338/21/485
f 1217/21/642 1338/21/485 1215/21/566
f 1370/21/614 1371/21/682 1374/21/683
f 1370/21/614 1374/21/683 1372/21/606
f 1371/21/682 1369/21/491 1373/21/585
f 1371/21/682 1373/21/585 1374/21/683
f 1364/21/495 1365/21/684 1362/21/685
f 1364/21/495 1362/21/685 1360/21/496
f 1365/21/684 1363/21/608 1361/21/610
f 1365/21/684 1361/21/610 1362/21/685
f 1358/21/609 1359/21/686 1356/21/687
f 1358/21/609 1356/21/687 1354/21/545
f 1359/21/686 1357/21/586 1355/21/524
f 1359/21/686 1355/21/524 1356/21/687
f 1357/21/586 1359/21/686 1368/21/688
f 1357/21/586 1368/21/688 1366/21/584
f 1359/21/686 1358/21/609 1367/21/607
f 1359/21/686 1367/21/607 1368/21/688
f 1346/21/544 1347/21/689 1362/21/685
f 1346/21/544 1362/21/685 1361/21/610
f 1347/21/689 1345/21/600 1360/21/496
f 1347/21/689 1360/21/496 1362/21/685
f 1349/21/547 1350/21/690 1347/21/689
f 1349/21/547 1347/21/689 1346/21/544
f 1350/21/690 1348/21/621 1345/21/600
f 1350/21/690 1345/21/600 1347/21/689
f 1354/21/545 1356/21/687 1353/21/691
f 1354/21/545 1353/21/691 1351/21/546
f 1356/21/687 1355/21/524 1352/21/492
f 1356/21/687 1352/21/492 1353/21/691
f 1376/21/605 1377/21/692 1380/21/693
f 1376/21/605 1380/21/693 1378/21/613
f 1377/21/692 1375/21/499 1379/21/572
f 1377/21/692 1379/21/572 1380/21/693
f 1351/21/546 1353/21/691 1371/21/682
f 1351/21/546 1371/21/682 1370/21/614
f 1353/21/691 1352/21/492 1369/21/491
f 1353/21/691 1369/21/491 1371/21/682
f 1378/21/613 1380/21/693 1350/21/690
f 1378/21/613 1350/21/690 1349/21/547
f 1380/21/693 1379/21/572 1348/21/621
f 1380/21/693 1348/21/621 1350/21/690
f 1375/21/499 1377/21/692 1365/21/684
f 1375/21/499 1365/21/684 1364/21/495
f 1377/21/692 1376/21/605 1363/21/608
f 1377/21/692 1363/21/608 1365/21/684
f 1366/21/584 1368/21/688 1374/21/683
f 1366/21/584 1374/21/683 1373/21/585
f 1368/21/688 1367/21/607 1372/21/606
f 1368/21/688 1372/21/606 1374/21/683
f 1361/21/610 1358/21/609 1354/21/545
f 1361/21/610 1354/21/545 1346/21/544
f 1388/21/581 1389/21/694 1392/21/695
f 1388/21/581 1392/21/695 1390/21/616
f 1389/21/694 1387/21/550 1391/21/549
f 1389/21/694 1391/21/549 1392/21/695
f 1390/21/616 1392/21/695 1398/21/696
f 1390/21/616 1398/21/696 1396/21/535
f 1392/21/695 1391/21/549 1397/21/596
f 1392/21/695 1397/21/596 1398/21/696
f 1382/21/615 1383/21/697 1386/21/698
f 1382/21/615 1386/21/698 1384/21/582
f 1383/21/697 1381/21/590 1385/21/589
f 1383/21/697 1385/21/589 1386/21/698
f 1394/21/534 1395/21/699 1383/21/697
f 1394/21/534 1383/21/697 1382/21/615
f 1395/21/699 1393/21/562 1381/21/590
f 1395/21/699 1381/21/590 1383/21/697
f 1400/21/612 1401/21/700 1404/21/701
f 1400/21/612 1404/21/701 1402/21/580
f 1401/21/700 1399/21/573 1403/21/592
f 1401/21/700 1403/21/592 1404/21/701
f 1406/21/579 1407/21/702 1410/21/703
f 1406/21/579 1410/21/703 1408/21/611
f 1407/21/702 1405/21/630 1409/21/578
f 1407/21/702 1409/21/578 1410/21/703
f 1405/21/630 1407/21/702 1386/21/698
f 1405/21/630 1386/21/698 1385/21/589
f 1407/21/702 1406/21/579 1384/21/582
f 1407/21/702 1384/21/582 1386/21/698
f 1402/21/580 1404/21/701 1389/21/694
f 1402/21/580 1389/21/694 1388/21/581
f 1404/21/701 1403/21/592 1387/21/550
f 1404/21/701 1387/21/550 1389/21/694
f 1408/21/611 1410/21/703 1422/21/704
f 1408/21/611 1422/21/704 1420/21/623
f 1410/21/703 1409/21/578 1421/21/483
f 1410/21/703 1421/21/483 1422/21/704
f 1418/21/537 1419/21/705 1395/21/699
f 1418/21/537 1395/21/699 1394/21/534
f 1419/21/705 1417/21/563 1393/21/562
f 1419/21/705 1393/21/562 1395/21/699
f 1396/21/535 1398/21/696 1416/21/706
f 1396/21/535 1416/21/706 1414/21/536
f 1398/21/696 1397/21/596 1415/21/604
f 1398/21/696 1415/21/604 1416/21/706
f 1412/21/624 1413/21/707 1401/21/700
f 1412/21/624 1401/21/700 1400/21/612
f 1413/21/707 1411/21/558 1399/21/573
f 1413/21/707 1399/21/573 1401/21/700
f 1424/21/626 1425/21/708 1431/21/709
f 1424/21/626 1431/21/709 1429/21/632
f 1425/21/708 1423/21/602 1431/21/709
f 1423/21/602 1430/21/603 1431/21/709
f 1429/21/632 1431/21/709 1428/21/710
f 1429/21/632 1428/21/710 1426/21/629
f 1431/21/709 1430/21/603 1428/21/710
f 1430/21/603 1427/21/560 1428/21/710
f 1433/21/628 1434/21/711 1440/21/712
f 1433/21/628 1440/21/712 1438/21/631
f 1434/21/711 1432/21/482 1440/21/712
f 1432/21/482 1439/21/633 1440/21/712
f 1438/21/631 1440/21/712 1437/21/713
f 1438/21/631 1437/21/713 1435/21/627
f 1440/21/712 1439/21/633 1437/21/713
f 1439/21/633 1436/21/625 1437/21/713
f 1420/21/623 1422/21/704 1434/21/711
f 1420/21/623 1434/21/711 1433/21/628
f 1422/21/704 1421/21/483 1432/21/482
f 1422/21/704 1432/21/482 1434/21/711
f 1435/21/627 1437/21/713 1419/21/705
f 1435/21/627 1419/21/705 1418/21/537
f 1437/21/713 1436/21/625 1417/21/563
f 1437/21/713 1417/21/563 1419/21/705
f 1426/21/629 1428/21/710 1413/21/707
f 1426/21/629 1413/21/707 1412/21/624
f 1428/21/710 1427/21/560 1411/21/558
f 1428/21/710 1411/21/558 1413/21/707
f 1414/21/536 1416/21/706 1425/21/708
f 1414/21/536 1425/21/708 1424/21/626
f 1416/21/706 1415/21/604 1423/21/602
f 1416/21/706 1423/21/602 1425/21/708
f 1384/21/582 1388/21/581 1390/21/616
f 1384/21/582 1390/21/616 1382/21/615
usemtl Material.002
f 1664/21/714 1653/21/715 1576/21/716
f 1653/21/715 1570/21/717 1576/21/716
f 1509/21/718 1506/21/719 1531/21/720
f 1509/21/718 1531/21/720 1537/21/721
f 1561/21/722 1601/21/723 1584/21/724
f 1561/21/722 1584/21/724 1494/21/725
f 1539/21/726 1596/21/727 1592/21/728
f 1539/21/726 1592/21/728 1476/21/729
f 1445/21/730 1607/21/731 1596/21/727
f 1445/21/730 1596/21/727 1539/21/726
f 1459/21/732 1453/21/733 1548/21/734
f 1459/21/732 1548/21/734 1545/21/735
f 1464/21/736 1458/21/737 1546/21/738
f 1546/21/738 1443/21/739 1441/21/740
f 1441/21/740 1572/21/741 1524/21/742
f 1524/21/742 1527/21/743 1521/21/744
f 1521/21/744 1461/21/745 1464/21/736
f 1464/21/736 1546/21/738 1441/21/740
f 1441/21/740 1524/21/742 1521/21/744
f 1441/21/740 1521/21/744 1464/21/736
f 1450/21/746 1462/21/747 1522/21/748
f 1450/21/746 1522/21/748 1516/21/749
f 1545/21/735 1548/21/734 1468/21/750
f 1545/21/735 1468/21/750 1489/21/751
f 1486/21/752 1471/21/753 1540/21/754
f 1486/21/752 1540/21/754 1543/21/755
f 1494/21/725 1584/21/724 1587/21/756
f 1494/21/725 1587/21/756 1501/21/757
f 1543/21/755 1540/21/754 1477/21/758
f 1543/21/755 1477/21/758 1497/21/759
f 1564/21/760 1551/21/761 1504/21/762
f 1564/21/760 1504/21/762 1533/21/763
f 1506/21/719 1569/21/764 1573/21/765
f 1506/21/719 1573/21/765 1531/21/720
f 1626/21/766 1628/21/767 1646/21/768
f 1626/21/766 1646/21/768 1650/21/769
f 1569/21/764 1513/21/770 1525/21/771
f 1569/21/764 1525/21/771 1573/21/765
f 1474/21/772 1471/21/753 1486/21/752
f 1474/21/772 1486/21/752 1492/21/773
f 1522/21/748 1528/21/774 1519/21/775
f 1522/21/748 1519/21/775 1516/21/749
f 1578/21/776 1586/21/777 1583/21/778
f 1578/21/776 1583/21/778 1581/21/779
f 1536/21/780 1623/21/781 1619/21/782
f 1536/21/780 1619/21/782 1534/21/783
f 1504/21/762 1509/21/718 1537/21/721
f 1504/21/762 1537/21/721 1533/21/763
f 1495/21/784 1500/21/785 1483/21/786
f 1495/21/784 1483/21/786 1479/21/787
f 1459/21/732 1465/21/788 1456/21/789
f 1459/21/732 1456/21/789 1453/21/733
f 1528/21/774 1525/21/771 1513/21/770
f 1528/21/774 1513/21/770 1519/21/775
f 1572/21/741 1643/21/790 1575/21/791
f 1643/21/790 1659/21/792 1575/21/791
f 1507/21/793 1625/21/794 1649/21/795
f 1507/21/793 1649/21/795 1570/21/717
f 1468/21/750 1474/21/772 1492/21/773
f 1468/21/750 1492/21/773 1489/21/751
f 1441/21/740 1443/21/739 1444/21/796
f 1444/21/796 1443/21/739 1442/21/797
f 1445/21/730 1447/21/798 1448/21/799
f 1448/21/799 1447/21/798 1446/21/800
f 1448/21/799 1446/21/800 1552/21/801
f 1448/21/799 1552/21/801 1557/21/802
f 1554/21/803 1611/21/804 1607/21/731
f 1554/21/803 1607/21/731 1445/21/730
f 1441/21/740 1631/21/805 1643/21/790
f 1441/21/740 1643/21/790 1572/21/741
f 1566/21/806 1560/21/807 1555/21/808
f 1566/21/806 1555/21/808 1558/21/809
f 1570/21/717 1653/21/715 1641/21/810
f 1570/21/717 1641/21/810 1446/21/800
f 1445/21/730 1448/21/799 1557/21/802
f 1445/21/730 1557/21/802 1554/21/803
f 1638/21/811 1634/21/812 1620/21/813
f 1638/21/811 1620/21/813 1616/21/814
f 1542/21/815 1598/21/816 1605/21/817
f 1542/21/815 1605/21/817 1442/21/797
f 1501/21/757 1587/21/756 1589/21/818
f 1501/21/757 1589/21/818 1498/21/819
f 1495/21/784 1479/21/787 1555/21/808
f 1495/21/784 1555/21/808 1560/21/807
f 1503/21/820 1617/21/821 1613/21/822
f 1503/21/820 1613/21/822 1510/21/823
f 1534/21/783 1619/21/782 1635/21/824
f 1534/21/783 1635/21/824 1563/21/825
f 1567/21/826 1563/21/825 1441/21/740
f 1567/21/826 1441/21/740 1444/21/796
f 1530/21/827 1629/21/828 1623/21/781
f 1530/21/827 1623/21/781 1536/21/780
f 1498/21/819 1589/21/818 1598/21/816
f 1498/21/819 1598/21/816 1542/21/815
f 1443/21/739 1546/21/738 1488/21/829
f 1488/21/829 1491/21/830 1485/21/831
f 1542/21/815 1442/21/797 1443/21/739
f 1443/21/739 1488/21/829 1485/21/831
f 1485/21/831 1542/21/815 1443/21/739
f 1476/21/729 1592/21/728 1577/21/832
f 1476/21/729 1577/21/832 1482/21/833
f 1655/21/834 1575/21/791 1662/21/835
f 1572/21/741 1647/21/836 1530/21/827
f 1647/21/836 1629/21/828 1530/21/827
f 1608/21/837 1604/21/838 1599/21/839
f 1608/21/837 1599/21/839 1595/21/840
f 1595/21/840 1599/21/839 1590/21/841
f 1595/21/840 1590/21/841 1593/21/842
f 1561/21/722 1567/21/826 1444/21/796
f 1561/21/722 1444/21/796 1442/21/797
f 1640/21/843 1632/21/844 1634/21/812
f 1640/21/843 1634/21/812 1638/21/811
f 1610/21/845 1602/21/846 1604/21/838
f 1610/21/845 1604/21/838 1608/21/837
f 1500/21/785 1497/21/759 1477/21/758
f 1500/21/785 1477/21/758 1483/21/786
f 1614/21/847 1622/21/848 1628/21/767
f 1614/21/847 1628/21/767 1626/21/766
f 1473/21/849 1467/21/850 1549/21/851
f 1447/21/798 1445/21/730 1539/21/726
f 1473/21/849 1549/21/851 1447/21/798
f 1539/21/726 1470/21/852 1473/21/849
f 1447/21/798 1539/21/726 1473/21/849
f 1564/21/760 1566/21/806 1558/21/809
f 1564/21/760 1558/21/809 1551/21/761
f 1482/21/833 1577/21/832 1580/21/853
f 1482/21/833 1580/21/853 1480/21/854
f 1581/21/779 1583/21/778 1602/21/846
f 1581/21/779 1602/21/846 1610/21/845
f 1480/21/854 1580/21/853 1611/21/804
f 1480/21/854 1611/21/804 1554/21/803
f 1442/21/797 1605/21/817 1601/21/723
f 1442/21/797 1601/21/723 1561/21/722
f 1652/21/855 1644/21/856 1632/21/844
f 1652/21/855 1632/21/844 1640/21/843
f 1649/21/795 1668/21/857 1570/21/717
f 1668/21/857 1576/21/716 1570/21/717
f 1650/21/769 1646/21/768 1656/21/858
f 1650/21/769 1656/21/858 1667/21/859
f 1665/21/860 1658/21/861 1644/21/856
f 1665/21/860 1644/21/856 1652/21/855
f 1465/21/788 1462/21/747 1450/21/746
f 1465/21/788 1450/21/746 1456/21/789
f 1572/21/741 1575/21/791 1647/21/836
f 1575/21/791 1655/21/834 1647/21/836
f 1446/21/800 1641/21/810 1637/21/862
f 1446/21/800 1637/21/862 1552/21/801
f 1563/21/825 1635/21/824 1631/21/805
f 1563/21/825 1631/21/805 1441/21/740
f 1552/21/801 1637/21/862 1617/21/821
f 1552/21/801 1617/21/821 1503/21/820
f 1510/21/823 1613/21/822 1625/21/794
f 1510/21/823 1625/21/794 1507/21/793
f 1670/21/863 1667/21/859 1656/21/858
f 1670/21/863 1656/21/858 1661/21/864
f 1664/21/714 1576/21/716 1671/21/865
f 1671/21/865 1576/21/716 1668/21/857
f 1464/21/736 1466/21/866 1460/21/867
f 1464/21/736 1460/21/867 1458/21/737
f 1466/21/866 1465/21/788 1459/21/732
f 1466/21/866 1459/21/732 1460/21/867
f 1452/21/868 1454/21/869 1457/21/870
f 1452/21/868 1457/21/870 1455/21/871
f 1454/21/869 1453/21/733 1456/21/789
f 1454/21/869 1456/21/789 1457/21/870
f 1461/21/745 1463/21/872 1466/21/866
f 1461/21/745 1466/21/866 1464/21/736
f 1463/21/872 1462/21/747 1465/21/788
f 1463/21/872 1465/21/788 1466/21/866
f 1455/21/871 1457/21/870 1451/21/873
f 1455/21/871 1451/21/873 1449/21/874
f 1457/21/870 1456/21/789 1450/21/746
f 1457/21/870 1450/21/746 1451/21/873
f 1473/21/849 1475/21/875 1469/21/876
f 1473/21/849 1469/21/876 1467/21/850
f 1475/21/875 1474/21/772 1468/21/750
f 1475/21/875 1468/21/750 1469/21/876
f 1488/21/829 1490/21/877 1493/21/878
f 1488/21/829 1493/21/878 1491/21/830
f 1490/21/877 1489/21/751 1492/21/773
f 1490/21/877 1492/21/773 1493/21/878
f 1470/21/852 1472/21/879 1475/21/875
f 1470/21/852 1475/21/875 1473/21/849
f 1472/21/879 1471/21/753 1474/21/772
f 1472/21/879 1474/21/772 1475/21/875
f 1491/21/830 1493/21/878 1487/21/880
f 1491/21/830 1487/21/880 1485/21/831
f 1493/21/878 1492/21/773 1486/21/752
f 1493/21/878 1486/21/752 1487/21/880
f 1501/21/757 1502/21/881 1496/21/882
f 1501/21/757 1496/21/882 1494/21/725
f 1502/21/881 1500/21/785 1495/21/784
f 1502/21/881 1495/21/784 1496/21/882
f 1480/21/854 1481/21/883 1484/21/884
f 1480/21/854 1484/21/884 1482/21/833
f 1481/21/883 1479/21/787 1483/21/786
f 1481/21/883 1483/21/786 1484/21/884
f 1498/21/819 1499/21/885 1502/21/881
f 1498/21/819 1502/21/881 1501/21/757
f 1499/21/885 1497/21/759 1500/21/785
f 1499/21/885 1500/21/785 1502/21/881
f 1482/21/833 1484/21/884 1478/21/886
f 1482/21/833 1478/21/886 1476/21/729
f 1484/21/884 1483/21/786 1477/21/758
f 1484/21/884 1477/21/758 1478/21/886
f 1510/21/823 1511/21/887 1505/21/888
f 1510/21/823 1505/21/888 1503/21/820
f 1511/21/887 1509/21/718 1504/21/762
f 1511/21/887 1504/21/762 1505/21/888
f 1534/21/783 1535/21/889 1538/21/890
f 1534/21/783 1538/21/890 1536/21/780
f 1535/21/889 1533/21/763 1537/21/721
f 1535/21/889 1537/21/721 1538/21/890
f 1507/21/793 1508/21/891 1511/21/887
f 1507/21/793 1511/21/887 1510/21/823
f 1508/21/891 1506/21/719 1509/21/718
f 1508/21/891 1509/21/718 1511/21/887
f 1536/21/780 1538/21/890 1532/21/892
f 1536/21/780 1532/21/892 1530/21/827
f 1538/21/890 1537/21/721 1531/21/720
f 1538/21/890 1531/21/720 1532/21/892
f 1527/21/743 1529/21/893 1523/21/894
f 1527/21/743 1523/21/894 1521/21/744
f 1529/21/893 1528/21/774 1522/21/748
f 1529/21/893 1522/21/748 1523/21/894
f 1515/21/895 1517/21/896 1520/21/897
f 1515/21/895 1520/21/897 1518/21/898
f 1517/21/896 1516/21/749 1519/21/775
f 1517/21/896 1519/21/775 1520/21/897
f 1524/21/742 1526/21/899 1529/21/893
f 1524/21/742 1529/21/893 1527/21/743
f 1526/21/899 1525/21/771 1528/21/774
f 1526/21/899 1528/21/774 1529/21/893
f 1518/21/898 1520/21/897 1514/21/900
f 1518/21/898 1514/21/900 1512/21/901
f 1520/21/897 1519/21/775 1513/21/770
f 1520/21/897 1513/21/770 1514/21/900
f 1546/21/738 1547/21/902 1490/21/877
f 1546/21/738 1490/21/877 1488/21/829
f 1547/21/902 1545/21/735 1489/21/751
f 1547/21/902 1489/21/751 1490/21/877
f 1549/21/851 1550/21/903 1454/21/869
f 1549/21/851 1454/21/869 1452/21/868
f 1550/21/903 1548/21/734 1453/21/733
f 1550/21/903 1453/21/733 1454/21/869
f 1540/21/754 1541/21/904 1478/21/886
f 1540/21/754 1478/21/886 1477/21/758
f 1541/21/904 1539/21/726 1476/21/729
f 1541/21/904 1476/21/729 1478/21/886
f 1516/21/749 1517/21/896 1451/21/873
f 1516/21/749 1451/21/873 1450/21/746
f 1517/21/896 1515/21/895 1449/21/874
f 1517/21/896 1449/21/874 1451/21/873
f 1521/21/744 1523/21/894 1463/21/872
f 1521/21/744 1463/21/872 1461/21/745
f 1523/21/894 1522/21/748 1462/21/747
f 1523/21/894 1462/21/747 1463/21/872
f 1543/21/755 1544/21/905 1487/21/880
f 1543/21/755 1487/21/880 1486/21/752
f 1544/21/905 1542/21/815 1485/21/831
f 1544/21/905 1485/21/831 1487/21/880
f 1471/21/753 1472/21/879 1541/21/904
f 1471/21/753 1541/21/904 1540/21/754
f 1472/21/879 1470/21/852 1539/21/726
f 1472/21/879 1539/21/726 1541/21/904
f 1497/21/759 1499/21/885 1544/21/905
f 1497/21/759 1544/21/905 1543/21/755
f 1499/21/885 1498/21/819 1542/21/815
f 1499/21/885 1542/21/815 1544/21/905
f 1458/21/737 1460/21/867 1547/21/902
f 1458/21/737 1547/21/902 1546/21/738
f 1460/21/867 1459/21/732 1545/21/735
f 1460/21/867 1545/21/735 1547/21/902
f 1467/21/850 1469/21/876 1550/21/903
f 1467/21/850 1550/21/903 1549/21/851
f 1469/21/876 1468/21/750 1548/21/734
f 1469/21/876 1548/21/734 1550/21/903
f 1662/21/835 1575/21/791 1659/21/792
f 1665/21/860 1670/21/863 1661/21/864
f 1665/21/860 1661/21/864 1658/21/861
f 1567/21/826 1568/21/906 1565/21/907
f 1567/21/826 1565/21/907 1563/21/825
f 1568/21/906 1566/21/806 1564/21/760
f 1568/21/906 1564/21/760 1565/21/907
f 1552/21/801 1553/21/908 1559/21/909
f 1552/21/801 1559/21/909 1557/21/802
f 1553/21/908 1551/21/761 1558/21/809
f 1553/21/908 1558/21/809 1559/21/909
f 1561/21/722 1562/21/910 1568/21/906
f 1561/21/722 1568/21/906 1567/21/826
f 1562/21/910 1560/21/807 1566/21/806
f 1562/21/910 1566/21/806 1568/21/906
f 1557/21/802 1559/21/909 1556/21/911
f 1557/21/802 1556/21/911 1554/21/803
f 1559/21/909 1558/21/809 1555/21/808
f 1559/21/909 1555/21/808 1556/21/911
f 1551/21/761 1553/21/908 1505/21/888
f 1551/21/761 1505/21/888 1504/21/762
f 1553/21/908 1552/21/801 1503/21/820
f 1553/21/908 1503/21/820 1505/21/888
f 1494/21/725 1496/21/882 1562/21/910
f 1494/21/725 1562/21/910 1561/21/722
f 1496/21/882 1495/21/784 1560/21/807
f 1496/21/882 1560/21/807 1562/21/910
f 1554/21/803 1556/21/911 1481/21/883
f 1554/21/803 1481/21/883 1480/21/854
f 1556/21/911 1555/21/808 1479/21/787
f 1556/21/911 1479/21/787 1481/21/883
f 1563/21/825 1565/21/907 1535/21/889
f 1563/21/825 1535/21/889 1534/21/783
f 1565/21/907 1564/21/760 1533/21/763
f 1565/21/907 1533/21/763 1535/21/889
f 1570/21/717 1571/21/912 1508/21/891
f 1570/21/717 1508/21/891 1507/21/793
f 1571/21/912 1569/21/764 1506/21/719
f 1571/21/912 1506/21/719 1508/21/891
f 1569/21/764 1571/21/912 1514/21/900
f 1569/21/764 1514/21/900 1513/21/770
f 1571/21/912 1570/21/717 1512/21/901
f 1571/21/912 1512/21/901 1514/21/900
f 1530/21/827 1532/21/892 1574/21/913
f 1530/21/827 1574/21/913 1572/21/741
f 1532/21/892 1531/21/720 1573/21/765
f 1532/21/892 1573/21/765 1574/21/913
f 1572/21/741 1574/21/913 1526/21/899
f 1572/21/741 1526/21/899 1524/21/742
f 1574/21/913 1573/21/765 1525/21/771
f 1574/21/913 1525/21/771 1526/21/899
f 1447/21/798 1549/21/851 1452/21/868
f 1452/21/868 1455/21/871 1449/21/874
f 1449/21/874 1515/21/895 1518/21/898
f 1518/21/898 1512/21/901 1570/21/717
f 1570/21/717 1446/21/800 1447/21/798
f 1447/21/798 1452/21/868 1449/21/874
f 1449/21/874 1518/21/898 1570/21/717
f 1449/21/874 1570/21/717 1447/21/798
f 1602/21/846 1603/21/914 1606/21/915
f 1602/21/846 1606/21/915 1604/21/838
f 1603/21/914 1601/21/723 1605/21/817
f 1603/21/914 1605/21/817 1606/21/915
f 1596/21/727 1597/21/916 1594/21/917
f 1596/21/727 1594/21/917 1592/21/728
f 1597/21/916 1595/21/840 1593/21/842
f 1597/21/916 1593/21/842 1594/21/917
f 1590/21/841 1591/21/918 1588/21/919
f 1590/21/841 1588/21/919 1586/21/777
f 1591/21/918 1589/21/818 1587/21/756
f 1591/21/918 1587/21/756 1588/21/919
f 1589/21/818 1591/21/918 1600/21/920
f 1589/21/818 1600/21/920 1598/21/816
f 1591/21/918 1590/21/841 1599/21/839
f 1591/21/918 1599/21/839 1600/21/920
f 1578/21/776 1579/21/921 1594/21/917
f 1578/21/776 1594/21/917 1593/21/842
f 1579/21/921 1577/21/832 1592/21/728
f 1579/21/921 1592/21/728 1594/21/917
f 1581/21/779 1582/21/922 1579/21/921
f 1581/21/779 1579/21/921 1578/21/776
f 1582/21/922 1580/21/853 1577/21/832
f 1582/21/922 1577/21/832 1579/21/921
f 1586/21/777 1588/21/919 1585/21/923
f 1586/21/777 1585/21/923 1583/21/778
f 1588/21/919 1587/21/756 1584/21/724
f 1588/21/919 1584/21/724 1585/21/923
f 1608/21/837 1609/21/924 1612/21/925
f 1608/21/837 1612/21/925 1610/21/845
f 1609/21/924 1607/21/731 1611/21/804
f 1609/21/924 1611/21/804 1612/21/925
f 1583/21/778 1585/21/923 1603/21/914
f 1583/21/778 1603/21/914 1602/21/846
f 1585/21/923 1584/21/724 1601/21/723
f 1585/21/923 1601/21/723 1603/21/914
f 1610/21/845 1612/21/925 1582/21/922
f 1610/21/845 1582/21/922 1581/21/779
f 1612/21/925 1611/21/804 1580/21/853
f 1612/21/925 1580/21/853 1582/21/922
f 1607/21/731 1609/21/924 1597/21/916
f 1607/21/731 1597/21/916 1596/21/727
f 1609/21/924 1608/21/837 1595/21/840
f 1609/21/924 1595/21/840 1597/21/916
f 1598/21/816 1600/21/920 1606/21/915
f 1598/21/816 1606/21/915 1605/21/817
f 1600/21/920 1599/21/839 1604/21/838
f 1600/21/920 1604/21/838 1606/21/915
f 1593/21/842 1590/21/841 1586/21/777
f 1593/21/842 1586/21/777 1578/21/776
f 1620/21/813 1621/21/926 1624/21/927
f 1620/21/813 1624/21/927 1622/21/848
f 1621/21/926 1619/21/782 1623/21/781
f 1621/21/926 1623/21/781 1624/21/927
f 1622/21/848 1624/21/927 1630/21/928
f 1622/21/848 1630/21/928 1628/21/767
f 1624/21/927 1623/21/781 1629/21/828
f 1624/21/927 1629/21/828 1630/21/928
f 1614/21/847 1615/21/929 1618/21/930
f 1614/21/847 1618/21/930 1616/21/814
f 1615/21/929 1613/21/822 1617/21/821
f 1615/21/929 1617/21/821 1618/21/930
f 1626/21/766 1627/21/931 1615/21/929
f 1626/21/766 1615/21/929 1614/21/847
f 1627/21/931 1625/21/794 1613/21/822
f 1627/21/931 1613/21/822 1615/21/929
f 1632/21/844 1633/21/932 1636/21/933
f 1632/21/844 1636/21/933 1634/21/812
f 1633/21/932 1631/21/805 1635/21/824
f 1633/21/932 1635/21/824 1636/21/933
f 1638/21/811 1639/21/934 1642/21/935
f 1638/21/811 1642/21/935 1640/21/843
f 1639/21/934 1637/21/862 1641/21/810
f 1639/21/934 1641/21/810 1642/21/935
f 1637/21/862 1639/21/934 1618/21/930
f 1637/21/862 1618/21/930 1617/21/821
f 1639/21/934 1638/21/811 1616/21/814
f 1639/21/934 1616/21/814 1618/21/930
f 1634/21/812 1636/21/933 1621/21/926
f 1634/21/812 1621/21/926 1620/21/813
f 1636/21/933 1635/21/824 1619/21/782
f 1636/21/933 1619/21/782 1621/21/926
f 1640/21/843 1642/21/935 1654/21/936
f 1640/21/843 1654/21/936 1652/21/855
f 1642/21/935 1641/21/810 1653/21/715
f 1642/21/935 1653/21/715 1654/21/936
f 1650/21/769 1651/21/937 1627/21/931
f 1650/21/769 1627/21/931 1626/21/766
f 1651/21/937 1649/21/795 1625/21/794
f 1651/21/937 1625/21/794 1627/21/931
f 1628/21/767 1630/21/928 1648/21/938
f 1628/21/767 1648/21/938 1646/21/768
f 1630/21/928 1629/21/828 1647/21/836
f 1630/21/928 1647/21/836 1648/21/938
f 1644/21/856 1645/21/939 1633/21/932
f 1644/21/856 1633/21/932 1632/21/844
f 1645/21/939 1643/21/790 1631/21/805
f 1645/21/939 1631/21/805 1633/21/932
f 1656/21/858 1657/21/940 1663/21/941
f 1656/21/858 1663/21/941 1661/21/864
f 1657/21/940 1655/21/834 1663/21/941
f 1655/21/834 1662/21/835 1663/21/941
f 1661/21/864 1663/21/941 1660/21/942
f 1661/21/864 1660/21/942 1658/21/861
f 1663/21/941 1662/21/835 1660/21/942
f 1662/21/835 1659/21/792 1660/21/942
f 1665/21/860 1666/21/943 1672/21/944
f 1665/21/860 1672/21/944 1670/21/863
f 1666/21/943 1664/21/714 1672/21/944
f 1664/21/714 1671/21/865 1672/21/944
f 1670/21/863 1672/21/944 1669/21/945
f 1670/21/863 1669/21/945 1667/21/859
f 1672/21/944 1671/21/865 1669/21/945
f 1671/21/865 1668/21/857 1669/21/945
f 1652/21/855 1654/21/936 1666/21/943
f 1652/21/855 1666/21/943 1665/21/860
f 1654/21/936 1653/21/715 1664/21/714
f 1654/21/936 1664/21/714 1666/21/943
f 1667/21/859 1669/21/945 1651/21/937
f 1667/21/859 1651/21/937 1650/21/769
f 1669/21/945 1668/21/857 1649/21/795
f 1669/21/945 1649/21/795 1651/21/937
f 1658/21/861 1660/21/942 1645/21/939
f 1658/21/861 1645/21/939 1644/21/856
f 1660/21/942 1659/21/792 1643/21/790
f 1660/21/942 1643/21/790 1645/21/939
f 1646/21/768 1648/21/938 1657/21/940
f 1646/21/768 1657/21/940 1656/21/858
f 1648/21/938 1647/21/836 1655/21/834
f 1648/21/938 1655/21/834 1657/21/940
f 1616/21/814 1620/21/813 1622/21/848
f 1616/21/814 1622/21/848 1614/21/847
usemtl Material.003
f 1896/21/946 1885/21/947 1808/21/948
f 1885/21/947 1802/21/949 1808/21/948
f 1741/21/950 1738/21/951 1763/21/952
f 1741/21/950 1763/21/952 1769/21/953
f 1793/21/954 1833/21/955 1816/21/956
f 1793/21/954 1816/21/956 1726/21/957
f 1771/21/958 1828/21/959 1824/21/960
f 1771/21/958 1824/21/960 1708/21/961
f 1677/21/962 1839/21/963 1828/21/959
f 1677/21/962 1828/21/959 1771/21/958
f 1691/21/964 1685/21/965 1780/21/966
f 1691/21/964 1780/21/966 1777/21/967
f 1696/21/968 1690/21/969 1778/21/970
f 1778/21/970 1675/21/971 1673/21/972
f 1673/21/972 1804/21/973 1756/21/974
f 1756/21/974 1759/21/975 1753/21/976
f 1753/21/976 1693/21/977 1696/21/968
f 1696/21/968 1778/21/970 1673/21/972
f 1673/21/972 1756/21/974 1753/21/976
f 1673/21/972 1753/21/976 1696/21/968
f 1682/21/978 1694/21/979 1754/21/980
f 1682/21/978 1754/21/980 1748/21/981
f 1777/21/967 1780/21/966 1700/21/982
f 1777/21/967 1700/21/982 1721/21/983
f 1718/21/984 1703/21/985 1772/21/986
f 1718/21/984 1772/21/986 1775/21/987
f 1726/21/957 1816/21/956 1819/21/988
f 1726/21/957 1819/21/988 1733/21/989
f 1775/21/987 1772/21/986 1709/21/990
f 1775/21/987 1709/21/990 1729/21/991
f 1796/21/992 1783/21/993 1736/21/994
f 1796/21/992 1736/21/994 1765/21/995
f 1738/21/951 1801/21/996 1805/21/997
f 1738/21/951 1805/21/997 1763/21/952
f 1858/21/998 1860/21/999 1878/21/1000
f 1858/21/998 1878/21/1000 1882/21/1001
f 1801/21/996 1745/21/1002 1757/21/1003
f 1801/21/996 1757/21/1003 1805/21/997
f 1706/21/1004 1703/21/985 1718/21/984
f 1706/21/1004 1718/21/984 1724/21/1005
f 1754/21/980 1760/21/1006 1751/21/1007
f 1754/21/980 1751/21/1007 1748/21/981
f 1810/21/1008 1818/21/1009 1815/21/1010
f 1810/21/1008 1815/21/1010 1813/21/1011
f 1768/21/1012 1855/21/1013 1851/21/1014
f 1768/21/1012 1851/21/1014 1766/21/1015
f 1736/21/994 1741/21/950 1769/21/953
f 1736/21/994 1769/21/953 1765/21/995
f 1727/21/1016 1732/21/1017 1715/21/1018
f 1727/21/1016 1715/21/1018 1711/21/1019
f 1691/21/964 1697/21/1020 1688/21/1021
f 1691/21/964 1688/21/1021 1685/21/965
f 1760/21/1006 1757/21/1003 1745/21/1002
f 1760/21/1006 1745/21/1002 1751/21/1007
f 1804/21/973 1875/21/1022 1807/21/1023
f 1875/21/1022 1891/21/1024 1807/21/1023
f 1739/21/1025 1857/21/1026 1881/21/1027
f 1739/21/1025 1881/21/1027 1802/21/949
f 1700/21/982 1706/21/1004 1724/21/1005
f 1700/21/982 1724/21/1005 1721/21/983
f 1673/21/972 1675/21/971 1676/21/1028
f 1676/21/1028 1675/21/971 1674/21/1029
f 1677/21/962 1679/21/1030 1680/21/1031
f 1680/21/1031 1679/21/1030 1678/21/1032
f 1680/21/1031 1678/21/1032 1784/21/1033
f 1680/21/1031 1784/21/1033 1789/21/1034
f 1786/21/1035 1843/21/1036 1839/21/963
f 1786/21/1035 1839/21/963 1677/21/962
f 1673/21/972 1863/21/1037 1875/21/1022
f 1673/21/972 1875/21/1022 1804/21/973
f 1798/21/1038 1792/21/1039 1787/21/1040
f 1798/21/1038 1787/21/1040 1790/21/1041
f 1802/21/949 1885/21/947 1873/21/1042
f 1802/21/949 1873/21/1042 1678/21/1032
f 1677/21/962 1680/21/1031 1789/21/1034
f 1677/21/962 1789/21/1034 1786/21/1035
f 1870/21/1043 1866/21/1044 1852/21/1045
f 1870/21/1043 1852/21/1045 1848/21/1046
f 1774/21/1047 1830/21/1048 1837/21/1049
f 1774/21/1047 1837/21/1049 1674/21/1029
f 1733/21/989 1819/21/988 1821/21/1050
f 1733/21/989 1821/21/1050 1730/21/1051
f 1727/21/1016 1711/21/1019 1787/21/1040
f 1727/21/1016 1787/21/1040 1792/21/1039
f 1735/21/1052 1849/21/1053 1845/21/1054
f 1735/21/1052 1845/21/1054 1742/21/1055
f 1766/21/1015 1851/21/1014 1867/21/1056
f 1766/21/1015 1867/21/1056 1795/21/1057
f 1799/21/1058 1795/21/1057 1673/21/972
f 1799/21/1058 1673/21/972 1676/21/1028
f 1762/21/1059 1861/21/1060 1855/21/1013
f 1762/21/1059 1855/21/1013 1768/21/1012
f 1730/21/1051 1821/21/1050 1830/21/1048
f 1730/21/1051 1830/21/1048 1774/21/1047
f 1675/21/971 1778/21/970 1720/21/1061
f 1720/21/1061 1723/21/1062 1717/21/1063
f 1774/21/1047 1674/21/1029 1675/21/971
f 1675/21/971 1720/21/1061 1717/21/1063
f 1717/21/1063 1774/21/1047 1675/21/971
f 1708/21/961 1824/21/960 1809/21/1064
f 1708/21/961 1809/21/1064 1714/21/1065
f 1887/21/1066 1807/21/1023 1894/21/1067
f 1804/21/973 1879/21/1068 1762/21/1059
f 1879/21/1068 1861/21/1060 1762/21/1059
f 1840/21/1069 1836/21/1070 1831/21/1071
f 1840/21/1069 1831/21/1071 1827/21/1072
f 1827/21/1072 1831/21/1071 1822/21/1073
f 1827/21/1072 1822/21/1073 1825/21/1074
f 1793/21/954 1799/21/1058 1676/21/1028
f 1793/21/954 1676/21/1028 1674/21/1029
f 1872/21/1075 1864/21/1076 1866/21/1044
f 1872/21/1075 1866/21/1044 1870/21/1043
f 1842/21/1077 1834/21/1078 1836/21/1070
f 1842/21/1077 1836/21/1070 1840/21/1069
f 1732/21/1017 1729/21/991 1709/21/990
f 1732/21/1017 1709/21/990 1715/21/1018
f 1846/21/1079 1854/21/1080 1860/21/999
f 1846/21/1079 1860/21/999 1858/21/998
f 1705/21/1081 1699/21/1082 1781/21/1083
f 1679/21/1030 1677/21/962 1771/21/958
f 1705/21/1081 1781/21/1083 1679/21/1030
f 1771/21/958 1702/21/1084 1705/21/1081
f 1679/21/1030 1771/21/958 1705/21/1081
f 1796/21/992 1798/21/1038 1790/21/1041
f 1796/21/992 1790/21/1041 1783/21/993
f 1714/21/1065 1809/21/1064 1812/21/1085
f 1714/21/1065 1812/21/1085 1712/21/1086
f 1813/21/1011 1815/21/1010 1834/21/1078
f 1813/21/1011 1834/21/1078 1842/21/1077
f 1712/21/1086 1812/21/1085 1843/21/1036
f 1712/21/1086 1843/21/1036 1786/21/1035
f 1674/21/1029 1837/21/1049 1833/21/955
f 1674/21/1029 1833/21/955 1793/21/954
f 1884/21/1087 1876/21/1088 1864/21/1076
f 1884/21/1087 1864/21/1076 1872/21/1075
f 1881/21/1027 1900/21/1089 1802/21/949
f 1900/21/1089 1808/21/948 1802/21/949
f 1882/21/1001 1878/21/1000 1888/21/1090
f 1882/21/1001 1888/21/1090 1899/21/1091
f 1897/21/1092 1890/21/1093 1876/21/1088
f 1897/21/1092 1876/21/1088 1884/21/1087
f 1697/21/1020 1694/21/979 1682/21/978
f 1697/21/1020 1682/21/978 1688/21/1021
f 1804/21/973 1807/21/1023 1879/21/1068
f 1807/21/1023 1887/21/1066 1879/21/1068
f 1678/21/1032 1873/21/1042 1869/21/1094
f 1678/21/1032 1869/21/1094 1784/21/1033
f 1795/21/1057 1867/21/1056 1863/21/1037
f 1795/21/1057 1863/21/1037 1673/21/972
f 1784/21/1033 1869/21/1094 1849/21/1053
f 1784/21/1033 1849/21/1053 1735/21/1052
f 1742/21/1055 1845/21/1054 1857/21/1026
f 1742/21/1055 1857/21/1026 1739/21/1025
f 1902/21/1095 1899/21/1091 1888/21/1090
f 1902/21/1095 1888/21/1090 1893/21/1096
f 1896/21/946 1808/21/948 1903/21/1097
f 1903/21/1097 1808/21/948 1900/21/1089
f 1696/21/968 1698/21/1098 1692/21/1099
f 1696/21/968 1692/21/1099 1690/21/969
f 1698/21/1098 1697/21/1020 1691/21/964
f 1698/21/1098 1691/21/964 1692/21/1099
f 1684/21/1100 1686/21/1101 1689/21/1102
f 1684/21/1100 1689/21/1102 1687/21/1103
f 1686/21/1101 1685/21/965 1688/21/1021
f 1686/21/1101 1688/21/1021 1689/21/1102
f 1693/21/977 1695/21/1104 1698/21/1098
f 1693/21/977 1698/21/1098 1696/21/968
f 1695/21/1104 1694/21/979 1697/21/1020
f 1695/21/1104 1697/21/1020 1698/21/1098
f 1687/21/1103 1689/21/1102 1683/21/1105
f 1687/21/1103 1683/21/1105 1681/21/1106
f 1689/21/1102 1688/21/1021 1682/21/978
f 1689/21/1102 1682/21/978 1683/21/1105
f 1705/21/1081 1707/21/1107 1701/21/1108
f 1705/21/1081 1701/21/1108 1699/21/1082
f 1707/21/1107 1706/21/1004 1700/21/982
f 1707/21/1107 1700/21/982 1701/21/1108
f 1720/21/1061 1722/21/1109 1725/21/1110
f 1720/21/1061 1725/21/1110 1723/21/1062
f 1722/21/1109 1721/21/983 1724/21/1005
f 1722/21/1109 1724/21/1005 1725/21/1110
f 1702/21/1084 1704/21/1111 1707/21/1107
f 1702/21/1084 1707/21/1107 1705/21/1081
f 1704/21/1111 1703/21/985 1706/21/1004
f 1704/21/1111 1706/21/1004 1707/21/1107
f 1723/21/1062 1725/21/1110 1719/21/1112
f 1723/21/1062 1719/21/1112 1717/21/1063
f 1725/21/1110 1724/21/1005 1718/21/984
f 1725/21/1110 1718/21/984 1719/21/1112
f 1733/21/989 1734/21/1113 1728/21/1114
f 1733/21/989 1728/21/1114 1726/21/957
f 1734/21/1113 1732/21/1017 1727/21/1016
f 1734/21/1113 1727/21/1016 1728/21/1114
f 1712/21/1086 1713/21/1115 1716/21/1116
f 1712/21/1086 1716/21/1116 1714/21/1065
f 1713/21/1115 1711/21/1019 1715/21/1018
f 1713/21/1115 1715/21/1018 1716/21/1116
f 1730/21/1051 1731/21/1117 1734/21/1113
f 1730/21/1051 1734/21/1113 1733/21/989
f 1731/21/1117 1729/21/991 1732/21/1017
f 1731/21/1117 1732/21/1017 1734/21/1113
f 1714/21/1065 1716/21/1116 1710/21/1118
f 1714/21/1065 1710/21/1118 1708/21/961
f 1716/21/1116 1715/21/1018 1709/21/990
f 1716/21/1116 1709/21/990 1710/21/1118
f 1742/21/1055 1743/21/1119 1737/21/1120
f 1742/21/1055 1737/21/1120 1735/21/1052
f 1743/21/1119 1741/21/950 1736/21/994
f 1743/21/1119 1736/21/994 1737/21/1120
f 1766/21/1015 1767/21/1121 1770/21/1122
f 1766/21/1015 1770/21/1122 1768/21/1012
f 1767/21/1121 1765/21/995 1769/21/953
f 1767/21/1121 1769/21/953 1770/21/1122
f 1739/21/1025 1740/21/1123 1743/21/1119
f 1739/21/1025 1743/21/1119 1742/21/1055
f 1740/21/1123 1738/21/951 1741/21/950
f 1740/21/1123 1741/21/950 1743/21/1119
f 1768/21/1012 1770/21/1122 1764/21/1124
f 1768/21/1012 1764/21/1124 1762/21/1059
f 1770/21/1122 1769/21/953 1763/21/952
f 1770/21/1122 1763/21/952 1764/21/1124
f 1759/21/975 1761/21/1125 1755/21/1126
f 1759/21/975 1755/21/1126 1753/21/976
f 1761/21/1125 1760/21/1006 1754/21/980
f 1761/21/1125 1754/21/980 1755/21/1126
f 1747/21/1127 1749/21/1128 1752/21/1129
f 1747/21/1127 1752/21/1129 1750/21/1130
f 1749/21/1128 1748/21/981 1751/21/1007
f 1749/21/1128 1751/21/1007 1752/21/1129
f 1756/21/974 1758/21/1131 1761/21/1125
f 1756/21/974 1761/21/1125 1759/21/975
f 1758/21/1131 1757/21/1003 1760/21/1006
f 1758/21/1131 1760/21/1006 1761/21/1125
f 1750/21/1130 1752/21/1129 1746/21/1132
f 1750/21/1130 1746/21/1132 1744/21/1133
f 1752/21/1129 1751/21/1007 1745/21/1002
f 1752/21/1129 1745/21/1002 1746/21/1132
f 1778/21/970 1779/21/1134 1722/21/1109
f 1778/21/970 1722/21/1109 1720/21/1061
f 1779/21/1134 1777/21/967 1721/21/983
f 1779/21/1134 1721/21/983 1722/21/1109
f 1781/21/1083 1782/21/1135 1686/21/1101
f 1781/21/1083 1686/21/1101 1684/21/1100
f 1782/21/1135 1780/21/966 1685/21/965
f 1782/21/1135 1685/21/965 1686/21/1101
f 1772/21/986 1773/21/1136 1710/21/1118
f 1772/21/986 1710/21/1118 1709/21/990
f 1773/21/1136 1771/21/958 1708/21/961
f 1773/21/1136 1708/21/961 1710/21/1118
f 1748/21/981 1749/21/1128 1683/21/1105
f 1748/21/981 1683/21/1105 1682/21/978
f 1749/21/1128 1747/21/1127 1681/21/1106
f 1749/21/1128 1681/21/1106 1683/21/1105
f 1753/21/976 1755/21/1126 1695/21/1104
f 1753/21/976 1695/21/1104 1693/21/977
f 1755/21/1126 1754/21/980 1694/21/979
f 1755/21/1126 1694/21/979 1695/21/1104
f 1775/21/987 1776/21/1137 1719/21/1112
f 1775/21/987 1719/21/1112 1718/21/984
f 1776/21/1137 1774/21/1047 1717/21/1063
f 1776/21/1137 1717/21/1063 1719/21/1112
f 1703/21/985 1704/21/1111 1773/21/1136
f 1703/21/985 1773/21/1136 1772/21/986
f 1704/21/1111 1702/21/1084 1771/21/958
f 1704/21/1111 1771/21/958 1773/21/1136
f 1729/21/991 1731/21/1117 1776/21/1137
f 1729/21/991 1776/21/1137 1775/21/987
f 1731/21/1117 1730/21/1051 1774/21/1047
f 1731/21/1117 1774/21/1047 1776/21/1137
f 1690/21/969 1692/21/1099 1779/21/1134
f 1690/21/969 1779/21/1134 1778/21/970
f 1692/21/1099 1691/21/964 1777/21/967
f 1692/21/1099 1777/21/967 1779/21/1134
f 1699/21/1082 1701/21/1108 1782/21/1135
f 1699/21/1082 1782/21/1135 1781/21/1083
f 1701/21/1108 1700/21/982 1780/21/966
f 1701/21/1108 1780/21/966 1782/21/1135
f 1894/21/1067 1807/21/1023 1891/21/1024
f 1897/21/1092 1902/21/1095 1893/21/1096
f 1897/21/1092 1893/21/1096 1890/21/1093
f 1799/21/1058 1800/21/1138 1797/21/1139
f 1799/21/1058 1797/21/1139 1795/21/1057
f 1800/21/1138 1798/21/1038 1796/21/992
f 1800/21/1138 1796/21/992 1797/21/1139
f 1784/21/1033 1785/21/1140 1791/21/1141
f 1784/21/1033 1791/21/1141 1789/21/1034
f 1785/21/1140 1783/21/993 1790/21/1041
f 1785/21/1140 1790/21/1041 1791/21/1141
f 1793/21/954 1794/21/1142 1800/21/1138
f 1793/21/954 1800/21/1138 1799/21/1058
f 1794/21/1142 1792/21/1039 1798/21/1038
f 1794/21/1142 1798/21/1038 1800/21/1138
f 1789/21/1034 1791/21/1141 1788/21/1143
f 1789/21/1034 1788/21/1143 1786/21/1035
f 1791/21/1141 1790/21/1041 1787/21/1040
f 1791/21/1141 1787/21/1040 1788/21/1143
f 1783/21/993 1785/21/1140 1737/21/1120
f 1783/21/993 1737/21/1120 1736/21/994
f 1785/21/1140 1784/21/1033 1735/21/1052
f 1785/21/1140 1735/21/1052 1737/21/1120
f 1726/21/957 1728/21/1114 1794/21/1142
f 1726/21/957 1794/21/1142 1793/21/954
f 1728/21/1114 1727/21/1016 1792/21/1039
f 1728/21/1114 1792/21/1039 1794/21/1142
f 1786/21/1035 1788/21/1143 1713/21/1115
f 1786/21/1035 1713/21/1115 1712/21/1086
f 1788/21/1143 1787/21/1040 1711/21/1019
f 1788/21/1143 1711/21/1019 1713/21/1115
f 1795/21/1057 1797/21/1139 1767/21/1121
f 1795/21/1057 1767/21/1121 1766/21/1015
f 1797/21/1139 1796/21/992 1765/21/995
f 1797/21/1139 1765/21/995 1767/21/1121
f 1802/21/949 1803/21/1144 1740/21/1123
f 1802/21/949 1740/21/1123 1739/21/1025
f 1803/21/1144 1801/21/996 1738/21/951
f 1803/21/1144 1738/21/951 1740/21/1123
f 1801/21/996 1803/21/1144 1746/21/1132
f 1801/21/996 1746/21/1132 1745/21/1002
f 1803/21/1144 1802/21/949 1744/21/1133
f 1803/21/1144 1744/21/1133 1746/21/1132
f 1762/21/1059 1764/21/1124 1806/21/1145
f 1762/21/1059 1806/21/1145 1804/21/973
f 1764/21/1124 1763/21/952 1805/21/997
f 1764/21/1124 1805/21/997 1806/21/1145
f 1804/21/973 1806/21/1145 1758/21/1131
f 1804/21/973 1758/21/1131 1756/21/974
f 1806/21/1145 1805/21/997 1757/21/1003
f 1806/21/1145 1757/21/1003 1758/21/1131
f 1679/21/1030 1781/21/1083 1684/21/1100
f 1684/21/1100 1687/21/1103 1681/21/1106
f 1681/21/1106 1747/21/1127 1750/21/1130
f 1750/21/1130 1744/21/1133 1802/21/949
f 1802/21/949 1678/21/1032 1679/21/1030
f 1679/21/1030 1684/21/1100 1681/21/1106
f 1681/21/1106 1750/21/1130 1802/21/949
f 1681/21/1106 1802/21/949 1679/21/1030
f 1834/21/1078 1835/21/1146 1838/21/1147
f 1834/21/1078 1838/21/1147 1836/21/1070
f 1835/21/1146 1833/21/955 1837/21/1049
f 1835/21/1146 1837/21/1049 1838/21/1147
f 1828/21/959 1829/21/1148 1826/21/1149
f 1828/21/959 1826/21/1149 1824/21/960
f 1829/21/1148 1827/21/1072 1825/21/1074
f 1829/21/1148 1825/21/1074 1826/21/1149
f 1822/21/1073 1823/21/1150 1820/21/1151
f 1822/21/1073 1820/21/1151 1818/21/1009
f 1823/21/1150 1821/21/1050 1819/21/988
f 1823/21/1150 1819/21/988 1820/21/1151
f 1821/21/1050 1823/21/1150 1832/21/1152
f 1821/21/1050 1832/21/1152 1830/21/1048
f 1823/21/1150 1822/21/1073 1831/21/1071
f 1823/21/1150 1831/21/1071 1832/21/1152
f 1810/21/1008 1811/21/1153 1826/21/1149
f 1810/21/1008 1826/21/1149 1825/21/1074
f 1811/21/1153 1809/21/1064 1824/21/960
f 1811/21/1153 1824/21/960 1826/21/1149
f 1813/21/1011 1814/21/1154 1811/21/1153
f 1813/21/1011 1811/21/1153 1810/21/1008
f 1814/21/1154 1812/21/1085 1809/21/1064
f 1814/21/1154 1809/21/1064 1811/21/1153
f 1818/21/1009 1820/21/1151 1817/21/1155
f 1818/21/1009 1817/21/1155 1815/21/1010
f 1820/21/1151 1819/21/988 1816/21/956
f 1820/21/1151 1816/21/956 1817/21/1155
f 1840/21/1069 1841/21/1156 1844/21/1157
f 1840/21/1069 1844/21/1157 1842/21/1077
f 1841/21/1156 1839/21/963 1843/21/1036
f 1841/21/1156 1843/21/1036 1844/21/1157
f 1815/21/1010 1817/21/1155 1835/21/1146
f 1815/21/1010 1835/21/1146 1834/21/1078
f 1817/21/1155 1816/21/956 1833/21/955
f 1817/21/1155 1833/21/955 1835/21/1146
f 1842/21/1077 1844/21/1157 1814/21/1154
f 1842/21/1077 1814/21/1154 1813/21/1011
f 1844/21/1157 1843/21/1036 1812/21/1085
f 1844/21/1157 1812/21/1085 1814/21/1154
f 1839/21/963 1841/21/1156 1829/21/1148
f 1839/21/963 1829/21/1148 1828/21/959
f 1841/21/1156 1840/21/1069 1827/21/1072
f 1841/21/1156 1827/21/1072 1829/21/1148
f 1830/21/1048 1832/21/1152 1838/21/1147
f 1830/21/1048 1838/21/1147 1837/21/1049
f 1832/21/1152 1831/21/1071 1836/21/1070
f 1832/21/1152 1836/21/1070 1838/21/1147
f 1825/21/1074 1822/21/1073 1818/21/1009
f 1825/21/1074 1818/21/1009 1810/21/1008
f 1852/21/1045 1853/21/1158 1856/21/1159
f 1852/21/1045 1856/21/1159 1854/21/1080
f 1853/21/1158 1851/21/1014 1855/21/1013
f 1853/21/1158 1855/21/1013 1856/21/1159
f 1854/21/1080 1856/21/1159 1862/21/1160
f 1854/21/1080 1862/21/1160 1860/21/999
f 1856/21/1159 1855/21/1013 1861/21/1060
f 1856/21/1159 1861/21/1060 1862/21/1160
f 1846/21/1079 1847/21/1161 1850/21/1162
f 1846/21/1079 1850/21/1162 1848/21/1046
f 1847/21/1161 1845/21/1054 1849/21/1053
f 1847/21/1161 1849/21/1053 1850/21/1162
f 1858/21/998 1859/21/1163 1847/21/1161
f 1858/21/998 1847/21/1161 1846/21/1079
f 1859/21/1163 1857/21/1026 1845/21/1054
f 1859/21/1163 1845/21/1054 1847/21/1161
f 1864/21/1076 1865/21/1164 1868/21/1165
f 1864/21/1076 1868/21/1165 1866/21/1044
f 1865/21/1164 1863/21/1037 1867/21/1056
f 1865/21/1164 1867/21/1056 1868/21/1165
f 1870/21/1043 1871/21/1166 1874/21/1167
f 1870/21/1043 1874/21/1167 1872/21/1075
f 1871/21/1166 1869/21/1094 1873/21/1042
f 1871/21/1166 1873/21/1042 1874/21/1167
f 1869/21/1094 1871/21/1166 1850/21/1162
f 1869/21/1094 1850/21/1162 1849/21/1053
f 1871/21/1166 1870/21/1043 1848/21/1046
f 1871/21/1166 1848/21/1046 1850/21/1162
f 1866/21/1044 1868/21/1165 1853/21/1158
f 1866/21/1044 1853/21/1158 1852/21/1045
f 1868/21/1165 1867/21/1056 1851/21/1014
f 1868/21/1165 1851/21/1014 1853/21/1158
f 1872/21/1075 1874/21/1167 1886/21/1168
f 1872/21/1075 1886/21/1168 1884/21/1087
f 1874/21/1167 1873/21/1042 1885/21/947
f 1874/21/1167 1885/21/947 1886/21/1168
f 1882/21/1001 1883/21/1169 1859/21/1163
f 1882/21/1001 1859/21/1163 1858/21/998
f 1883/21/1169 1881/21/1027 1857/21/1026
f 1883/21/1169 1857/21/1026 1859/21/1163
f 1860/21/999 1862/21/1160 1880/21/1170
f 1860/21/999 1880/21/1170 1878/21/1000
f 1862/21/1160 1861/21/1060 1879/21/1068
f 1862/21/1160 1879/21/1068 1880/21/1170
f 1876/21/1088 1877/21/1171 1865/21/1164
f 1876/21/1088 1865/21/1164 1864/21/1076
f 1877/21/1171 1875/21/1022 1863/21/1037
f 1877/21/1171 1863/21/1037 1865/21/1164
f 1888/21/1090 1889/21/1172 1895/21/1173
f 1888/21/1090 1895/21/1173 1893/21/1096
f 1889/21/1172 1887/21/1066 1895/21/1173
f 1887/21/1066 1894/21/1067 1895/21/1173
f 1893/21/1096 1895/21/1173 1892/21/1174
f 1893/21/1096 1892/21/1174 1890/21/1093
f 1895/21/1173 1894/21/1067 1892/21/1174
f 1894/21/1067 1891/21/1024 1892/21/1174
f 1897/21/1092 1898/21/1175 1904/21/1176
f 1897/21/1092 1904/21/1176 1902/21/1095
f 1898/21/1175 1896/21/946 1904/21/1176
f 1896/21/946 1903/21/1097 1904/21/1176
f 1902/21/1095 1904/21/1176 1901/21/1177
f 1902/21/1095 1901/21/1177 1899/21/1091
f 1904/21/1176 1903/21/1097 1901/21/1177
f 1903/21/1097 1900/21/1089 1901/21/1177
f 1884/21/1087 1886/21/1168 1898/21/1175
f 1884/21/1087 1898/21/1175 1897/21/1092
f 1886/21/1168 1885/21/947 1896/21/946
f 1886/21/1168 1896/21/946 1898/21/1175
f 1899/21/1091 1901/21/1177 1883/21/1169
f 1899/21/1091 1883/21/1169 1882/21/1001
f 1901/21/1177 1900/21/1089 1881/21/1027
f 1901/21/1177 1881/21/1027 1883/21/1169
f 1890/21/1093 1892/21/1174 1877/21/1171
f 1890/21/1093 1877/21/1171 1876/21/1088
f 1892/21/1174 1891/21/1024 1875/21/1022
f 1892/21/1174 1875/21/1022 1877/21/1171
f 1878/21/1000 1880/21/1170 1889/21/1172
f 1878/21/1000 1889/21/1172 1888/21/1090
f 1880/21/1170 1879/21/1068 1887/21/1066
f 1880/21/1170 1887/21/1066 1889/21/1172
f 1848/21/1046 1852/21/1045 1854/21/1080
f 1848/21/1046 1854/21/1080 1846/21/1079
usemtl Material.004
f 2128/21/1178 2117/21/1179 2040/21/1180
f 2117/21/1179 2034/21/1181 2040/21/1180
f 1973/21/1182 1970/21/1183 1995/21/1184
f 1973/21/1182 1995/21/1184 2001/21/1185
f 2025/21/1186 2065/21/1187 2048/21/1188
f 2025/21/1186 2048/21/1188 1958/21/1189
f 2003/21/1190 2060/21/1191 2056/21/1192
f 2003/21/1190 2056/21/1192 1940/21/1193
f 1909/21/1194 2071/21/1195 2060/21/1191
f 1909/21/1194 2060/21/1191 2003/21/1190
f 1923/21/1196 1917/21/1197 2012/21/1198
f 1923/21/1196 2012/21/1198 2009/21/1199
f 1928/21/1200 1922/21/1201 2010/21/1202
f 2010/21/1202 1907/21/1203 1905/21/1204
f 1905/21/1204 2036/21/1205 1988/21/1206
f 1988/21/1206 1991/21/1207 1985/21/1208
f 1985/21/1208 1925/21/1209 1928/21/1200
f 1928/21/1200 2010/21/1202 1905/21/1204
f 1905/21/1204 1988/21/1206 1985/21/1208
f 1905/21/1204 1985/21/1208 1928/21/1200
f 1914/21/1210 1926/21/1211 1986/21/1212
f 1914/21/1210 1986/21/1212 1980/21/1213
f 2009/21/1199 2012/21/1198 1932/21/1214
f 2009/21/1199 1932/21/1214 1953/21/1215
f 1950/21/1216 1935/21/1217 2004/21/1218
f 1950/21/1216 2004/21/1218 2007/21/1219
f 1958/21/1189 2048/21/1188 2051/21/1220
f 1958/21/1189 2051/21/1220 1965/21/1221
f 2007/21/1219 2004/21/1218 1941/21/1222
f 2007/21/1219 1941/21/1222 1961/21/1223
f 2028/21/1224 2015/21/1225 1968/21/1226
f 2028/21/1224 1968/21/1226 1997/21/1227
f 1970/21/1183 2033/21/1228 2037/21/1229
f 1970/21/1183 2037/21/1229 1995/21/1184
f 2090/21/1230 2092/21/1231 2110/21/1232
f 2090/21/1230 2110/21/1232 2114/21/1233
f 2033/21/1228 1977/21/1234 1989/21/1235
f 2033/21/1228 1989/21/1235 2037/21/1229
f 1938/21/1236 1935/21/1217 1950/21/1216
f 1938/21/1236 1950/21/1216 1956/21/1237
f 1986/21/1212 1992/21/1238 1983/21/1239
f 1986/21/1212 1983/21/1239 1980/21/1213
f 2042/21/1240 2050/21/1241 2047/21/1242
f 2042/21/1240 2047/21/1242 2045/21/1243
f 2000/21/1244 2087/21/1245 2083/21/1246
f 2000/21/1244 2083/21/1246 1998/21/1247
f 1968/21/1226 1973/21/1182 2001/21/1185
f 1968/21/1226 2001/21/1185 1997/21/1227
f 1959/21/1248 1964/21/1249 1947/21/1250
f 1959/21/1248 1947/21/1250 1943/21/1251
f 1923/21/1196 1929/21/1252 1920/21/1253
f 1923/21/1196 1920/21/1253 1917/21/1197
f 1992/21/1238 1989/21/1235 1977/21/1234
f 1992/21/1238 1977/21/1234 1983/21/1239
f 2036/21/1205 2107/21/1254 2039/21/1255
f 2107/21/1254 2123/21/1256 2039/21/1255
f 1971/21/1257 2089/21/1258 2113/21/1259
f 1971/21/1257 2113/21/1259 2034/21/1181
f 1932/21/1214 1938/21/1236 1956/21/1237
f 1932/21/1214 1956/21/1237 1953/21/1215
f 1905/21/1204 1907/21/1203 1908/21/1260
f 1908/21/1260 1907/21/1203 1906/21/1261
f 1909/21/1194 1911/21/1262 1912/21/1263
f 1912/21/1263 1911/21/1262 1910/21/1264
f 1912/21/1263 1910/21/1264 2016/21/1265
f 1912/21/1263 2016/21/1265 2021/21/1266
f 2018/21/1267 2075/21/1268 2071/21/1195
f 2018/21/1267 2071/21/1195 1909/21/1194
f 1905/21/1204 2095/21/1269 2107/21/1254
f 1905/21/1204 2107/21/1254 2036/21/1205
f 2030/21/1270 2024/21/1271 2019/21/1272
f 2030/21/1270 2019/21/1272 2022/21/1273
f 2034/21/1181 2117/21/1179 2105/21/1274
f 2034/21/1181 2105/21/1274 1910/21/1264
f 1909/21/1194 1912/21/1263 2021/21/1266
f 1909/21/1194 2021/21/1266 2018/21/1267
f 2102/21/1275 2098/21/1276 2084/21/1277
f 2102/21/1275 2084/21/1277 2080/21/1278
f 2006/21/1279 2062/21/1280 2069/21/1281
f 2006/21/1279 2069/21/1281 1906/21/1261
f 1965/21/1221 2051/21/1220 2053/21/1282
f 1965/21/1221 2053/21/1282 1962/21/1283
f 1959/21/1248 1943/21/1251 2019/21/1272
f 1959/21/1248 2019/21/1272 2024/21/1271
f 1967/21/1284 2081/21/1285 2077/21/1286
f 1967/21/1284 2077/21/1286 1974/21/1287
f 1998/21/1247 2083/21/1246 2099/21/1288
f 1998/21/1247 2099/21/1288 2027/21/1289
f 2031/21/1290 2027/21/1289 1905/21/1204
f 2031/21/1290 1905/21/1204 1908/21/1260
f 1994/21/1291 2093/21/1292 2087/21/1245
f 1994/21/1291 2087/21/1245 2000/21/1244
f 1962/21/1283 2053/21/1282 2062/21/1280
f 1962/21/1283 2062/21/1280 2006/21/1279
f 1907/21/1203 2010/21/1202 1952/21/1293
f 1952/21/1293 1955/21/1294 1949/21/1295
f 2006/21/1279 1906/21/1261 1907/21/1203
f 1907/21/1203 1952/21/1293 1949/21/1295
f 1949/21/1295 2006/21/1279 1907/21/1203
f 1940/21/1193 2056/21/1192 2041/21/1296
f 1940/21/1193 2041/21/1296 1946/21/1297
f 2119/21/1298 2039/21/1255 2126/21/1299
f 2036/21/1205 2111/21/1300 1994/21/1291
f 2111/21/1300 2093/21/1292 1994/21/1291
f 2072/21/1301 2068/21/1302 2063/21/1303
f 2072/21/1301 2063/21/1303 2059/21/1304
f 2059/21/1304 2063/21/1303 2054/21/1305
f 2059/21/1304 2054/21/1305 2057/21/1306
f 2025/21/1186 2031/21/1290 1908/21/1260
f 2025/21/1186 1908/21/1260 1906/21/1261
f 2104/21/1307 2096/21/1308 2098/21/1276
f 2104/21/1307 2098/21/1276 2102/21/1275
f 2074/21/1309 2066/21/1310 2068/21/1302
f 2074/21/1309 2068/21/1302 2072/21/1301
f 1964/21/1249 1961/21/1223 1941/21/1222
f 1964/21/1249 1941/21/1222 1947/21/1250
f 2078/21/1311 2086/21/1312 2092/21/1231
f 2078/21/1311 2092/21/1231 2090/21/1230
f 1937/21/1313 1931/21/1314 2013/21/1315
f 1911/21/1262 1909/21/1194 2003/21/1190
f 1937/21/1313 2013/21/1315 1911/21/1262
f 2003/21/1190 1934/21/1316 1937/21/1313
f 1911/21/1262 2003/21/1190 1937/21/1313
f 2028/21/1224 2030/21/1270 2022/21/1273
f 2028/21/1224 2022/21/1273 2015/21/1225
f 1946/21/1297 2041/21/1296 2044/21/1317
f 1946/21/1297 2044/21/1317 1944/21/1318
f 2045/21/1243 2047/21/1242 2066/21/1310
f 2045/21/1243 2066/21/1310 2074/21/1309
f 1944/21/1318 2044/21/1317 2075/21/1268
f 1944/21/1318 2075/21/1268 2018/21/1267
f 1906/21/1261 2069/21/1281 2065/21/1187
f 1906/21/1261 2065/21/1187 2025/21/1186
f 2116/21/1319 2108/21/1320 2096/21/1308
f 2116/21/1319 2096/21/1308 2104/21/1307
f 2113/21/1259 2132/21/1321 2034/21/1181
f 2132/21/1321 2040/21/1180 2034/21/1181
f 2114/21/1233 2110/21/1232 2120/21/1322
f 2114/21/1233 2120/21/1322 2131/21/1323
f 2129/21/1324 2122/21/1325 2108/21/1320
f 2129/21/1324 2108/21/1320 2116/21/1319
f 1929/21/1252 1926/21/1211 1914/21/1210
f 1929/21/1252 1914/21/1210 1920/21/1253
f 2036/21/1205 2039/21/1255 2111/21/1300
f 2039/21/1255 2119/21/1298 2111/21/1300
f 1910/21/1264 2105/21/1274 2101/21/1326
f 1910/21/1264 2101/21/1326 2016/21/1265
f 2027/21/1289 2099/21/1288 2095/21/1269
f 2027/21/1289 2095/21/1269 1905/21/1204
f 2016/21/1265 2101/21/1326 2081/21/1285
f 2016/21/1265 2081/21/1285 1967/21/1284
f 1974/21/1287 2077/21/1286 2089/21/1258
f 1974/21/1287 2089/21/1258 1971/21/1257
f 2134/21/1327 2131/21/1323 2120/21/1322
f 2134/21/1327 2120/21/1322 2125/21/1328
f 2128/21/1178 2040/21/1180 2135/21/1329
f 2135/21/1329 2040/21/1180 2132/21/1321
f 1928/21/1200 1930/21/1330 1924/21/1331
f 1928/21/1200 1924/21/1331 1922/21/1201
f 1930/21/1330 1929/21/1252 1923/21/1196
f 1930/21/1330 1923/21/1196 1924/21/1331
f 1916/21/1332 1918/21/1333 1921/21/1334
f 1916/21/1332 1921/21/1334 1919/21/1335
f 1918/21/1333 1917/21/1197 1920/21/1253
f 1918/21/1333 1920/21/1253 1921/21/1334
f 1925/21/1209 1927/21/1336 1930/21/1330
f 1925/21/1209 1930/21/1330 1928/21/1200
f 1927/21/1336 1926/21/1211 1929/21/1252
f 1927/21/1336 1929/21/1252 1930/21/1330
f 1919/21/1335 1921/21/1334 1915/21/1337
f 1919/21/1335 1915/21/1337 1913/21/1338
f 1921/21/1334 1920/21/1253 1914/21/1210
f 1921/21/1334 1914/21/1210 1915/21/1337
f 1937/21/1313 1939/21/1339 1933/21/1340
f 1937/21/1313 1933/21/1340 1931/21/1314
f 1939/21/1339 1938/21/1236 1932/21/1214
f 1939/21/1339 1932/21/1214 1933/21/1340
f 1952/21/1293 1954/21/1341 1957/21/1342
f 1952/21/1293 1957/21/1342 1955/21/1294
f 1954/21/1341 1953/21/1215 1956/21/1237
f 1954/21/1341 1956/21/1237 1957/21/1342
f 1934/21/1316 1936/21/1343 1939/21/1339
f 1934/21/1316 1939/21/1339 1937/21/1313
f 1936/21/1343 1935/21/1217 1938/21/1236
f 1936/21/1343 1938/21/1236 1939/21/1339
f 1955/21/1294 1957/21/1342 1951/21/1344
f 1955/21/1294 1951/21/1344 1949/21/1295
f 1957/21/1342 1956/21/1237 1950/21/1216
f 1957/21/1342 1950/21/1216 1951/21/1344
f 1965/21/1221 1966/21/1345 1960/21/1346
f 1965/21/1221 1960/21/1346 1958/21/1189
f 1966/21/1345 1964/21/1249 1959/21/1248
f 1966/21/1345 1959/21/1248 1960/21/1346
f 1944/21/1318 1945/21/1347 1948/21/1348
f 1944/21/1318 1948/21/1348 1946/21/1297
f 1945/21/1347 1943/21/1251 1947/21/1250
f 1945/21/1347 1947/21/1250 1948/21/1348
f 1962/21/1283 1963/21/1349 1966/21/1345
f 1962/21/1283 1966/21/1345 1965/21/1221
f 1963/21/1349 1961/21/1223 1964/21/1249
f 1963/21/1349 1964/21/1249 1966/21/1345
f 1946/21/1297 1948/21/1348 1942/21/1350
f 1946/21/1297 1942/21/1350 1940/21/1193
f 1948/21/1348 1947/21/1250 1941/21/1222
f 1948/21/1348 1941/21/1222 1942/21/1350
f 1974/21/1287 1975/21/1351 1969/21/1352
f 1974/21/1287 1969/21/1352 1967/21/1284
f 1975/21/1351 1973/21/1182 1968/21/1226
f 1975/21/1351 1968/21/1226 1969/21/1352
f 1998/21/1247 1999/21/1353 2002/21/1354
f 1998/21/1247 2002/21/1354 2000/21/1244
f 1999/21/1353 1997/21/1227 2001/21/1185
f 1999/21/1353 2001/21/1185 2002/21/1354
f 1971/21/1257 1972/21/1355 1975/21/1351
f 1971/21/1257 1975/21/1351 1974/21/1287
f 1972/21/1355 1970/21/1183 1973/21/1182
f 1972/21/1355 1973/21/1182 1975/21/1351
f 2000/21/1244 2002/21/1354 1996/21/1356
f 2000/21/1244 1996/21/1356 1994/21/1291
f 2002/21/1354 2001/21/1185 1995/21/1184
f 2002/21/1354 1995/21/1184 1996/21/1356
f 1991/21/1207 1993/21/1357 1987/21/1358
f 1991/21/1207 1987/21/1358 1985/21/1208
f 1993/21/1357 1992/21/1238 1986/21/1212
f 1993/21/1357 1986/21/1212 1987/21/1358
f 1979/21/1359 1981/21/1360 1984/21/1361
f 1979/21/1359 1984/21/1361 1982/21/1362
f 1981/21/1360 1980/21/1213 1983/21/1239
f 1981/21/1360 1983/21/1239 1984/21/1361
f 1988/21/1206 1990/21/1363 1993/21/1357
f 1988/21/1206 1993/21/1357 1991/21/1207
f 1990/21/1363 1989/21/1235 1992/21/1238
f 1990/21/1363 1992/21/1238 1993/21/1357
f 1982/21/1362 1984/21/1361 1978/21/1364
f 1982/21/1362 1978/21/1364 1976/21/1365
f 1984/21/1361 1983/21/1239 1977/21/1234
f 1984/21/1361 1977/21/1234 1978/21/1364
f 2010/21/1202 2011/21/1366 1954/21/1341
f 2010/21/1202 1954/21/1341 1952/21/1293
f 2011/21/1366 2009/21/1199 1953/21/1215
f 2011/21/1366 1953/21/1215 1954/21/1341
f 2013/21/1315 2014/21/1367 1918/21/1333
f 2013/21/1315 1918/21/1333 1916/21/1332
f 2014/21/1367 2012/21/1198 1917/21/1197
f 2014/21/1367 1917/21/1197 1918/21/1333
f 2004/21/1218 2005/21/1368 1942/21/1350
f 2004/21/1218 1942/21/1350 1941/21/1222
f 2005/21/1368 2003/21/1190 1940/21/1193
f 2005/21/1368 1940/21/1193 1942/21/1350
f 1980/21/1213 1981/21/1360 1915/21/1337
f 1980/21/1213 1915/21/1337 1914/21/1210
f 1981/21/1360 1979/21/1359 1913/21/1338
f 1981/21/1360 1913/21/1338 1915/21/1337
f 1985/21/1208 1987/21/1358 1927/21/1336
f 1985/21/1208 1927/21/1336 1925/21/1209
f 1987/21/1358 1986/21/1212 1926/21/1211
f 1987/21/1358 1926/21/1211 1927/21/1336
f 2007/21/1219 2008/21/1369 1951/21/1344
f 2007/21/1219 1951/21/1344 1950/21/1216
f 2008/21/1369 2006/21/1279 1949/21/1295
f 2008/21/1369 1949/21/1295 1951/21/1344
f 1935/21/1217 1936/21/1343 2005/21/1368
f 1935/21/1217 2005/21/1368 2004/21/1218
f 1936/21/1343 1934/21/1316 2003/21/1190
f 1936/21/1343 2003/21/1190 2005/21/1368
f 1961/21/1223 1963/21/1349 2008/21/1369
f 1961/21/1223 2008/21/1369 2007/21/1219
f 1963/21/1349 1962/21/1283 2006/21/1279
f 1963/21/1349 2006/21/1279 2008/21/1369
f 1922/21/1201 1924/21/1331 2011/21/1366
f 1922/21/1201 2011/21/1366 2010/21/1202
f 1924/21/1331 1923/21/1196 2009/21/1199
f 1924/21/1331 2009/21/1199 2011/21/1366
f 1931/21/1314 1933/21/1340 2014/21/1367
f 1931/21/1314 2014/21/1367 2013/21/1315
f 1933/21/1340 1932/21/1214 2012/21/1198
f 1933/21/1340 2012/21/1198 2014/21/1367
f 2126/21/1299 2039/21/1255 2123/21/1256
f 2129/21/1324 2134/21/1327 2125/21/1328
f 2129/21/1324 2125/21/1328 2122/21/1325
f 2031/21/1290 2032/21/1370 2029/21/1371
f 2031/21/1290 2029/21/1371 2027/21/1289
f 2032/21/1370 2030/21/1270 2028/21/1224
f 2032/21/1370 2028/21/1224 2029/21/1371
f 2016/21/1265 2017/21/1372 2023/21/1373
f 2016/21/1265 2023/21/1373 2021/21/1266
f 2017/21/1372 2015/21/1225 2022/21/1273
f 2017/21/1372 2022/21/1273 2023/21/1373
f 2025/21/1186 2026/21/1374 2032/21/1370
f 2025/21/1186 2032/21/1370 2031/21/1290
f 2026/21/1374 2024/21/1271 2030/21/1270
f 2026/21/1374 2030/21/1270 2032/21/1370
f 2021/21/1266 2023/21/1373 2020/21/1375
f 2021/21/1266 2020/21/1375 2018/21/1267
f 2023/21/1373 2022/21/1273 2019/21/1272
f 2023/21/1373 2019/21/1272 2020/21/1375
f 2015/21/1225 2017/21/1372 1969/21/1352
f 2015/21/1225 1969/21/1352 1968/21/1226
f 2017/21/1372 2016/21/1265 1967/21/1284
f 2017/21/1372 1967/21/1284 1969/21/1352
f 1958/21/1189 1960/21/1346 2026/21/1374
f 1958/21/1189 2026/21/1374 2025/21/1186
f 1960/21/1346 1959/21/1248 2024/21/1271
f 1960/21/1346 2024/21/1271 2026/21/1374
f 2018/21/1267 2020/21/1375 1945/21/1347
f 2018/21/1267 1945/21/1347 1944/21/1318
f 2020/21/1375 2019/21/1272 1943/21/1251
f 2020/21/1375 1943/21/1251 1945/21/1347
f 2027/21/1289 2029/21/1371 1999/21/1353
f 2027/21/1289 1999/21/1353 1998/21/1247
f 2029/21/1371 2028/21/1224 1997/21/1227
f 2029/21/1371 1997/21/1227 1999/21/1353
f 2034/21/1181 2035/21/1376 1972/21/1355
f 2034/21/1181 1972/21/1355 1971/21/1257
f 2035/21/1376 2033/21/1228 1970/21/1183
f 2035/21/1376 1970/21/1183 1972/21/1355
f 2033/21/1228 2035/21/1376 1978/21/1364
f 2033/21/1228 1978/21/1364 1977/21/1234
f 2035/21/1376 2034/21/1181 1976/21/1365
f 2035/21/1376 1976/21/1365 1978/21/1364
f 1994/21/1291 1996/21/1356 2038/21/1377
f 1994/21/1291 2038/21/1377 2036/21/1205
f 1996/21/1356 1995/21/1184 2037/21/1229
f 1996/21/1356 2037/21/1229 2038/21/1377
f 2036/21/1205 2038/21/1377 1990/21/1363
f 2036/21/1205 1990/21/1363 1988/21/1206
f 2038/21/1377 2037/21/1229 1989/21/1235
f 2038/21/1377 1989/21/1235 1990/21/1363
f 1911/21/1262 2013/21/1315 1916/21/1332
f 1916/21/1332 1919/21/1335 1913/21/1338
f 1913/21/1338 1979/21/1359 1982/21/1362
f 1982/21/1362 1976/21/1365 2034/21/1181
f 2034/21/1181 1910/21/1264 1911/21/1262
f 1911/21/1262 1916/21/1332 1913/21/1338
f 1913/21/1338 1982/21/1362 2034/21/1181
f 1913/21/1338 2034/21/1181 1911/21/1262
f 2066/21/1310 2067/21/1378 2070/21/1379
f 2066/21/1310 2070/21/1379 2068/21/1302
f 2067/21/1378 2065/21/1187 2069/21/1281
f 2067/21/1378 2069/21/1281 2070/21/1379
f 2060/21/1191 2061/21/1380 2058/21/1381
f 2060/21/1191 2058/21/1381 2056/21/1192
f 2061/21/1380 2059/21/1304 2057/21/1306
f 2061/21/1380 2057/21/1306 2058/21/1381
f 2054/21/1305 2055/21/1382 2052/21/1383
f 2054/21/1305 2052/21/1383 2050/21/1241
f 2055/21/1382 2053/21/1282 2051/21/1220
f 2055/21/1382 2051/21/1220 2052/21/1383
f 2053/21/1282 2055/21/1382 2064/21/1384
f 2053/21/1282 2064/21/1384 2062/21/1280
f 2055/21/1382 2054/21/1305 2063/21/1303
f 2055/21/1382 2063/21/1303 2064/21/1384
f 2042/21/1240 2043/21/1385 2058/21/1381
f 2042/21/1240 2058/21/1381 2057/21/1306
f 2043/21/1385 2041/21/1296 2056/21/1192
f 2043/21/1385 2056/21/1192 2058/21/1381
f 2045/21/1243 2046/21/1386 2043/21/1385
f 2045/21/1243 2043/21/1385 2042/21/1240
f 2046/21/1386 2044/21/1317 2041/21/1296
f 2046/21/1386 2041/21/1296 2043/21/1385
f 2050/21/1241 2052/21/1383 2049/21/1387
f 2050/21/1241 2049/21/1387 2047/21/1242
f 2052/21/1383 2051/21/1220 2048/21/1188
f 2052/21/1383 2048/21/1188 2049/21/1387
f 2072/21/1301 2073/21/1388 2076/21/1389
f 2072/21/1301 2076/21/1389 2074/21/1309
f 2073/21/1388 2071/21/1195 2075/21/1268
f 2073/21/1388 2075/21/1268 2076/21/1389
f 2047/21/1242 2049/21/1387 2067/21/1378
f 2047/21/1242 2067/21/1378 2066/21/1310
f 2049/21/1387 2048/21/1188 2065/21/1187
f 2049/21/1387 2065/21/1187 2067/21/1378
f 2074/21/1309 2076/21/1389 2046/21/1386
f 2074/21/1309 2046/21/1386 2045/21/1243
f 2076/21/1389 2075/21/1268 2044/21/1317
f 2076/21/1389 2044/21/1317 2046/21/1386
f 2071/21/1195 2073/21/1388 2061/21/1380
f 2071/21/1195 2061/21/1380 2060/21/1191
f 2073/21/1388 2072/21/1301 2059/21/1304
f 2073/21/1388 2059/21/1304 2061/21/1380
f 2062/21/1280 2064/21/1384 2070/21/1379
f 2062/21/1280 2070/21/1379 2069/21/1281
f 2064/21/1384 2063/21/1303 2068/21/1302
f 2064/21/1384 2068/21/1302 2070/21/1379
f 2057/21/1306 2054/21/1305 2050/21/1241
f 2057/21/1306 2050/21/1241 2042/21/1240
f 2084/21/1277 2085/21/1390 2088/21/1391
f 2084/21/1277 2088/21/1391 2086/21/1312
f 2085/21/1390 2083/21/1246 2087/21/1245
f 2085/21/1390 2087/21/1245 2088/21/1391
f 2086/21/1312 2088/21/1391 2094/21/1392
f 2086/21/1312 2094/21/1392 2092/21/1231
f 2088/21/1391 2087/21/1245 2093/21/1292
f 2088/21/1391 2093/21/1292 2094/21/1392
f 2078/21/1311 2079/21/1393 2082/21/1394
f 2078/21/1311 2082/21/1394 2080/21/1278
f 2079/21/1393 2077/21/1286 2081/21/1285
f 2079/21/1393 2081/21/1285 2082/21/1394
f 2090/21/1230 2091/21/1395 2079/21/1393
f 2090/21/1230 2079/21/1393 2078/21/1311
f 2091/21/1395 2089/21/1258 2077/21/1286
f 2091/21/1395 2077/21/1286 2079/21/1393
f 2096/21/1308 2097/21/1396 2100/21/1397
f 2096/21/1308 2100/21/1397 2098/21/1276
f 2097/21/1396 2095/21/1269 2099/21/1288
f 2097/21/1396 2099/21/1288 2100/21/1397
f 2102/21/1275 2103/21/1398 2106/21/1399
f 2102/21/1275 2106/21/1399 2104/21/1307
f 2103/21/1398 2101/21/1326 2105/21/1274
f 2103/21/1398 2105/21/1274 2106/21/1399
f 2101/21/1326 2103/21/1398 2082/21/1394
f 2101/21/1326 2082/21/1394 2081/21/1285
f 2103/21/1398 2102/21/1275 2080/21/1278
f 2103/21/1398 2080/21/1278 2082/21/1394
f 2098/21/1276 2100/21/1397 2085/21/1390
f 2098/21/1276 2085/21/1390 2084/21/1277
f 2100/21/1397 2099/21/1288 2083/21/1246
f 2100/21/1397 2083/21/1246 2085/21/1390
f 2104/21/1307 2106/21/1399 2118/21/1400
f 2104/21/1307 2118/21/1400 2116/21/1319
f 2106/21/1399 2105/21/1274 2117/21/1179
f 2106/21/1399 2117/21/1179 2118/21/1400
f 2114/21/1233 2115/21/1401 2091/21/1395
f 2114/21/1233 2091/21/1395 2090/21/1230
f 2115/21/1401 2113/21/1259 2089/21/1258
f 2115/21/1401 2089/21/1258 2091/21/1395
f 2092/21/1231 2094/21/1392 2112/21/1402
f 2092/21/1231 2112/21/1402 2110/21/1232
f 2094/21/1392 2093/21/1292 2111/21/1300
f 2094/21/1392 2111/21/1300 2112/21/1402
f 2108/21/1320 2109/21/1403 2097/21/1396
f 2108/21/1320 2097/21/1396 2096/21/1308
f 2109/21/1403 2107/21/1254 2095/21/1269
f 2109/21/1403 2095/21/1269 2097/21/1396
f 2120/21/1322 2121/21/1404 2127/21/1405
f 2120/21/1322 2127/21/1405 2125/21/1328
f 2121/21/1404 2119/21/1298 2127/21/1405
f 2119/21/1298 2126/21/1299 2127/21/1405
f 2125/21/1328 2127/21/1405 2124/21/1406
f 2125/21/1328 2124/21/1406 2122/21/1325
f 2127/21/1405 2126/21/1299 2124/21/1406
f 2126/21/1299 2123/21/1256 2124/21/1406
f 2129/21/1324 2130/21/1407 2136/21/1408
f 2129/21/1324 2136/21/1408 2134/21/1327
f 2130/21/1407 2128/21/1178 2136/21/1408
f 2128/21/1178 2135/21/1329 2136/21/1408
f 2134/21/1327 2136/21/1408 2133/21/1409
f 2134/21/1327 2133/21/1409 2131/21/1323
f 2136/21/1408 2135/21/1329 2133/21/1409
f 2135/21/1329 2132/21/1321 2133/21/1409
f 2116/21/1319 2118/21/1400 2130/21/1407
f 2116/21/1319 2130/21/1407 2129/21/1324
f 2118/21/1400 2117/21/1179 2128/21/1178
f 2118/21/1400 2128/21/1178 2130/21/1407
f 2131/21/1323 2133/21/1409 2115/21/1401
f 2131/21/1323 2115/21/1401 2114/21/1233
f 2133/21/1409 2132/21/1321 2113/21/1259
f 2133/21/1409 2113/21/1259 2115/21/1401
f 2122/21/1325 2124/21/1406 2109/21/1403
f 2122/21/1325 2109/21/1403 2108/21/1320
f 2124/21/1406 2123/21/1256 2107/21/1254
f 2124/21/1406 2107/21/1254 2109/21/1403
f 2110/21/1232 2112/21/1402 2121/21/1404
f 2110/21/1232 2121/21/1404 2120/21/1322
f 2112/21/1402 2111/21/1300 2119/21/1298
f 2112/21/1402 2119/21/1298 2121/21/1404
f 2080/21/1278 2084/21/1277 2086/21/1312
f 2080/21/1278 2086/21/1312 2078/21/1311
